scenario,algorithm,operation,variant,time_us,source_file,source_row,source_column
V2V,Dilithium,KeyGen,Dilithium-44,120.0,pqc_tidy_timings.csv,2,time_us
V2V,Dilithium,KeyGen,Dilithium-65,275.0,pqc_tidy_timings.csv,3,time_us
V2V,Dilithium,KeyGen,Dilithium-87,321.0,pqc_tidy_timings.csv,4,time_us
V2V,Dilithium,KeyGen,Dilithium-44,110.0,pqc_tidy_timings.csv,5,time_us
V2V,Dilithium,KeyGen,Dilithium-65,192.0,pqc_tidy_timings.csv,6,time_us
V2V,Dilithium,KeyGen,Dilithium-87,289.0,pqc_tidy_timings.csv,7,time_us
V2V,Dilithium,KeyGen,Dilithium-44,110.0,pqc_tidy_timings.csv,8,time_us
V2V,Dilithium,KeyGen,Dilithium-65,208.0,pqc_tidy_timings.csv,9,time_us
V2V,Dilithium,KeyGen,Dilithium-87,315.0,pqc_tidy_timings.csv,10,time_us
V2V,Dilithium,KeyGen,Dilithium-44,158.0,pqc_tidy_timings.csv,11,time_us
V2V,Dilithium,KeyGen,Dilithium-65,214.0,pqc_tidy_timings.csv,12,time_us
V2V,Dilithium,KeyGen,Dilithium-87,342.0,pqc_tidy_timings.csv,13,time_us
V2V,Dilithium,KeyGen,Dilithium-44,105.0,pqc_tidy_timings.csv,14,time_us
V2V,Dilithium,KeyGen,Dilithium-65,208.0,pqc_tidy_timings.csv,15,time_us
V2V,Dilithium,KeyGen,Dilithium-87,335.0,pqc_tidy_timings.csv,16,time_us
V2V,Dilithium,KeyGen,Dilithium-44,103.0,pqc_tidy_timings.csv,17,time_us
V2V,Dilithium,KeyGen,Dilithium-65,209.0,pqc_tidy_timings.csv,18,time_us
V2V,Dilithium,KeyGen,Dilithium-87,286.0,pqc_tidy_timings.csv,19,time_us
V2V,Dilithium,KeyGen,Dilithium-44,186.0,pqc_tidy_timings.csv,20,time_us
V2V,Dilithium,KeyGen,Dilithium-65,299.0,pqc_tidy_timings.csv,21,time_us
V2V,Dilithium,KeyGen,Dilithium-87,336.0,pqc_tidy_timings.csv,22,time_us
V2V,Dilithium,KeyGen,Dilithium-44,106.0,pqc_tidy_timings.csv,23,time_us
V2V,Dilithium,KeyGen,Dilithium-65,194.0,pqc_tidy_timings.csv,24,time_us
V2V,Dilithium,KeyGen,Dilithium-87,332.0,pqc_tidy_timings.csv,25,time_us
V2V,Dilithium,KeyGen,Dilithium-44,103.0,pqc_tidy_timings.csv,26,time_us
V2V,Dilithium,KeyGen,Dilithium-65,195.0,pqc_tidy_timings.csv,27,time_us
V2V,Dilithium,KeyGen,Dilithium-87,293.0,pqc_tidy_timings.csv,28,time_us
V2V,Dilithium,Signing,Dilithium-44,320.0,pqc_tidy_timings.csv,29,time_us
V2V,Dilithium,Signing,Dilithium-65,410.0,pqc_tidy_timings.csv,30,time_us
V2V,Dilithium,Signing,Dilithium-87,703.0,pqc_tidy_timings.csv,31,time_us
V2V,Dilithium,Signing,Dilithium-44,313.0,pqc_tidy_timings.csv,32,time_us
V2V,Dilithium,Signing,Dilithium-65,305.0,pqc_tidy_timings.csv,33,time_us
V2V,Dilithium,Signing,Dilithium-87,507.0,pqc_tidy_timings.csv,34,time_us
V2V,Dilithium,Signing,Dilithium-44,286.0,pqc_tidy_timings.csv,35,time_us
V2V,Dilithium,Signing,Dilithium-65,388.0,pqc_tidy_timings.csv,36,time_us
V2V,Dilithium,Signing,Dilithium-87,453.0,pqc_tidy_timings.csv,37,time_us
V2V,Dilithium,Verification,Dilithium-44,110.0,pqc_tidy_timings.csv,38,time_us
V2V,Dilithium,Verification,Dilithium-65,180.0,pqc_tidy_timings.csv,39,time_us
V2V,Dilithium,Verification,Dilithium-87,390.0,pqc_tidy_timings.csv,40,time_us
V2V,Dilithium,Verification,Dilithium-44,109.0,pqc_tidy_timings.csv,41,time_us
V2V,Dilithium,Verification,Dilithium-65,180.0,pqc_tidy_timings.csv,42,time_us
V2V,Dilithium,Verification,Dilithium-87,287.0,pqc_tidy_timings.csv,43,time_us
V2V,Dilithium,Verification,Dilithium-44,110.0,pqc_tidy_timings.csv,44,time_us
V2V,Dilithium,Verification,Dilithium-65,247.0,pqc_tidy_timings.csv,45,time_us
V2V,Dilithium,Verification,Dilithium-87,289.0,pqc_tidy_timings.csv,46,time_us
V2V,Dilithium,Verification,Dilithium-44,108.0,pqc_tidy_timings.csv,47,time_us
V2V,Dilithium,Verification,Dilithium-65,246.0,pqc_tidy_timings.csv,48,time_us
V2V,Dilithium,Verification,Dilithium-87,288.0,pqc_tidy_timings.csv,49,time_us
V2V,Dilithium,Verification,Dilithium-44,119.0,pqc_tidy_timings.csv,50,time_us
V2V,Dilithium,Verification,Dilithium-65,203.0,pqc_tidy_timings.csv,51,time_us
V2V,Dilithium,Verification,Dilithium-87,290.0,pqc_tidy_timings.csv,52,time_us
V2V,Dilithium,Verification,Dilithium-44,108.0,pqc_tidy_timings.csv,53,time_us
V2V,Dilithium,Verification,Dilithium-65,175.0,pqc_tidy_timings.csv,54,time_us
V2V,Dilithium,Verification,Dilithium-87,305.0,pqc_tidy_timings.csv,55,time_us
V2V,Dilithium,Verification,Dilithium-44,108.0,pqc_tidy_timings.csv,56,time_us
V2V,Dilithium,Verification,Dilithium-65,225.0,pqc_tidy_timings.csv,57,time_us
V2V,Dilithium,Verification,Dilithium-87,306.0,pqc_tidy_timings.csv,58,time_us
V2V,Dilithium,Verification,Dilithium-44,119.0,pqc_tidy_timings.csv,59,time_us
V2V,Dilithium,Verification,Dilithium-65,175.0,pqc_tidy_timings.csv,60,time_us
V2V,Dilithium,Verification,Dilithium-87,288.0,pqc_tidy_timings.csv,61,time_us
V2V,Dilithium,Verification,Dilithium-44,338.0,pqc_tidy_timings.csv,62,time_us
V2V,Dilithium,Verification,Dilithium-65,175.0,pqc_tidy_timings.csv,63,time_us
V2V,Dilithium,Verification,Dilithium-87,290.0,pqc_tidy_timings.csv,64,time_us
V2V,Dilithium,Verification,Dilithium-44,156.0,pqc_tidy_timings.csv,65,time_us
V2V,Dilithium,Verification,Dilithium-65,175.0,pqc_tidy_timings.csv,66,time_us
V2V,Dilithium,Verification,Dilithium-87,287.0,pqc_tidy_timings.csv,67,time_us
V2V,Dilithium,Verification,Dilithium-44,114.0,pqc_tidy_timings.csv,68,time_us
V2V,Dilithium,Verification,Dilithium-65,181.0,pqc_tidy_timings.csv,69,time_us
V2V,Dilithium,Verification,Dilithium-87,302.0,pqc_tidy_timings.csv,70,time_us
V2V,Dilithium,Verification,Dilithium-44,109.0,pqc_tidy_timings.csv,71,time_us
V2V,Dilithium,Verification,Dilithium-65,260.0,pqc_tidy_timings.csv,72,time_us
V2V,Dilithium,Verification,Dilithium-87,323.0,pqc_tidy_timings.csv,73,time_us
V2V,Dilithium,Verification,Dilithium-44,110.0,pqc_tidy_timings.csv,74,time_us
V2V,Dilithium,Verification,Dilithium-65,176.0,pqc_tidy_timings.csv,75,time_us
V2V,Dilithium,Verification,Dilithium-87,309.0,pqc_tidy_timings.csv,76,time_us
V2V,Dilithium,Verification,Dilithium-44,109.0,pqc_tidy_timings.csv,77,time_us
V2V,Dilithium,Verification,Dilithium-65,180.0,pqc_tidy_timings.csv,78,time_us
V2V,Dilithium,Verification,Dilithium-87,289.0,pqc_tidy_timings.csv,79,time_us
V2V,Dilithium,Verification,Dilithium-44,145.0,pqc_tidy_timings.csv,80,time_us
V2V,Dilithium,Verification,Dilithium-65,208.0,pqc_tidy_timings.csv,81,time_us
V2V,Dilithium,Verification,Dilithium-87,302.0,pqc_tidy_timings.csv,82,time_us
V2V,Dilithium,Verification,Dilithium-44,109.0,pqc_tidy_timings.csv,83,time_us
V2V,Dilithium,Verification,Dilithium-65,209.0,pqc_tidy_timings.csv,84,time_us
V2V,Dilithium,Verification,Dilithium-87,633.0,pqc_tidy_timings.csv,85,time_us
V2V,Dilithium,Verification,Dilithium-44,108.0,pqc_tidy_timings.csv,86,time_us
V2V,Dilithium,Verification,Dilithium-65,176.0,pqc_tidy_timings.csv,87,time_us
V2V,Dilithium,Verification,Dilithium-87,305.0,pqc_tidy_timings.csv,88,time_us
V2V,Dilithium,Verification,Dilithium-44,107.0,pqc_tidy_timings.csv,89,time_us
V2V,Dilithium,Verification,Dilithium-65,276.0,pqc_tidy_timings.csv,90,time_us
V2V,Dilithium,Verification,Dilithium-87,312.0,pqc_tidy_timings.csv,91,time_us
V2V,Dilithium,Verification,Dilithium-44,110.0,pqc_tidy_timings.csv,92,time_us
V2V,Dilithium,Verification,Dilithium-65,176.0,pqc_tidy_timings.csv,93,time_us
V2V,Dilithium,Verification,Dilithium-87,293.0,pqc_tidy_timings.csv,94,time_us
V2V,Dilithium,Verification,Dilithium-44,109.0,pqc_tidy_timings.csv,95,time_us
V2V,Dilithium,Verification,Dilithium-65,214.0,pqc_tidy_timings.csv,96,time_us
V2V,Dilithium,Verification,Dilithium-87,320.0,pqc_tidy_timings.csv,97,time_us
V2V,Dilithium,Verification,Dilithium-44,108.0,pqc_tidy_timings.csv,98,time_us
V2V,Dilithium,Verification,Dilithium-65,176.0,pqc_tidy_timings.csv,99,time_us
V2V,Dilithium,Verification,Dilithium-87,288.0,pqc_tidy_timings.csv,100,time_us
V2V,Falcon,KeyGen,Falcon-512,12724.0,pqc_tidy_timings.csv,101,time_us
V2V,Falcon,KeyGen,Falcon-1024,37637.0,pqc_tidy_timings.csv,102,time_us
V2V,Falcon,KeyGen,Falcon-512,23910.0,pqc_tidy_timings.csv,103,time_us
V2V,Falcon,KeyGen,Falcon-1024,42016.0,pqc_tidy_timings.csv,104,time_us
V2V,Falcon,KeyGen,Falcon-512,14450.0,pqc_tidy_timings.csv,105,time_us
V2V,Falcon,KeyGen,Falcon-1024,29150.0,pqc_tidy_timings.csv,106,time_us
V2V,Falcon,KeyGen,Falcon-512,28599.0,pqc_tidy_timings.csv,107,time_us
V2V,Falcon,KeyGen,Falcon-1024,42298.0,pqc_tidy_timings.csv,108,time_us
V2V,Falcon,KeyGen,Falcon-512,13113.0,pqc_tidy_timings.csv,109,time_us
V2V,Falcon,KeyGen,Falcon-1024,37555.0,pqc_tidy_timings.csv,110,time_us
V2V,Falcon,KeyGen,Falcon-512,11118.0,pqc_tidy_timings.csv,111,time_us
V2V,Falcon,KeyGen,Falcon-1024,38026.0,pqc_tidy_timings.csv,112,time_us
V2V,Falcon,KeyGen,Falcon-512,12297.0,pqc_tidy_timings.csv,113,time_us
V2V,Falcon,KeyGen,Falcon-1024,43970.0,pqc_tidy_timings.csv,114,time_us
V2V,Falcon,KeyGen,Falcon-512,24886.0,pqc_tidy_timings.csv,115,time_us
V2V,Falcon,KeyGen,Falcon-1024,45338.0,pqc_tidy_timings.csv,116,time_us
V2V,Falcon,KeyGen,Falcon-512,16700.0,pqc_tidy_timings.csv,117,time_us
V2V,Falcon,KeyGen,Falcon-1024,57910.0,pqc_tidy_timings.csv,118,time_us
V2V,Falcon,Signing,Falcon-512,12236.0,pqc_tidy_timings.csv,119,time_us
V2V,Falcon,Signing,Falcon-1024,11662.0,pqc_tidy_timings.csv,120,time_us
V2V,Falcon,Signing,Falcon-512,4292.0,pqc_tidy_timings.csv,121,time_us
V2V,Falcon,Signing,Falcon-1024,9305.0,pqc_tidy_timings.csv,122,time_us
V2V,Falcon,Signing,Falcon-512,5031.0,pqc_tidy_timings.csv,123,time_us
V2V,Falcon,Signing,Falcon-1024,18450.0,pqc_tidy_timings.csv,124,time_us
V2V,Falcon,Verification,Falcon-512,54.0,pqc_tidy_timings.csv,125,time_us
V2V,Falcon,Verification,Falcon-1024,104.0,pqc_tidy_timings.csv,126,time_us
V2V,Falcon,Verification,Falcon-512,53.0,pqc_tidy_timings.csv,127,time_us
V2V,Falcon,Verification,Falcon-1024,104.0,pqc_tidy_timings.csv,128,time_us
V2V,Falcon,Verification,Falcon-512,52.0,pqc_tidy_timings.csv,129,time_us
V2V,Falcon,Verification,Falcon-1024,104.0,pqc_tidy_timings.csv,130,time_us
V2V,Falcon,Verification,Falcon-512,53.0,pqc_tidy_timings.csv,131,time_us
V2V,Falcon,Verification,Falcon-1024,104.0,pqc_tidy_timings.csv,132,time_us
V2V,Falcon,Verification,Falcon-512,52.0,pqc_tidy_timings.csv,133,time_us
V2V,Falcon,Verification,Falcon-1024,135.0,pqc_tidy_timings.csv,134,time_us
V2V,Falcon,Verification,Falcon-512,52.0,pqc_tidy_timings.csv,135,time_us
V2V,Falcon,Verification,Falcon-1024,126.0,pqc_tidy_timings.csv,136,time_us
V2V,Falcon,Verification,Falcon-512,53.0,pqc_tidy_timings.csv,137,time_us
V2V,Falcon,Verification,Falcon-1024,104.0,pqc_tidy_timings.csv,138,time_us
V2V,Falcon,Verification,Falcon-512,54.0,pqc_tidy_timings.csv,139,time_us
V2V,Falcon,Verification,Falcon-1024,104.0,pqc_tidy_timings.csv,140,time_us
V2V,Falcon,Verification,Falcon-512,91.0,pqc_tidy_timings.csv,141,time_us
V2V,Falcon,Verification,Falcon-1024,104.0,pqc_tidy_timings.csv,142,time_us
V2V,Falcon,Verification,Falcon-512,108.0,pqc_tidy_timings.csv,143,time_us
V2V,Falcon,Verification,Falcon-1024,104.0,pqc_tidy_timings.csv,144,time_us
V2V,Falcon,Verification,Falcon-512,53.0,pqc_tidy_timings.csv,145,time_us
V2V,Falcon,Verification,Falcon-1024,102.0,pqc_tidy_timings.csv,146,time_us
V2V,Falcon,Verification,Falcon-512,52.0,pqc_tidy_timings.csv,147,time_us
V2V,Falcon,Verification,Falcon-1024,132.0,pqc_tidy_timings.csv,148,time_us
V2V,Falcon,Verification,Falcon-512,53.0,pqc_tidy_timings.csv,149,time_us
V2V,Falcon,Verification,Falcon-1024,107.0,pqc_tidy_timings.csv,150,time_us
V2V,Falcon,Verification,Falcon-512,57.0,pqc_tidy_timings.csv,151,time_us
V2V,Falcon,Verification,Falcon-1024,106.0,pqc_tidy_timings.csv,152,time_us
V2V,Falcon,Verification,Falcon-512,53.0,pqc_tidy_timings.csv,153,time_us
V2V,Falcon,Verification,Falcon-1024,144.0,pqc_tidy_timings.csv,154,time_us
V2V,Falcon,Verification,Falcon-512,53.0,pqc_tidy_timings.csv,155,time_us
V2V,Falcon,Verification,Falcon-1024,106.0,pqc_tidy_timings.csv,156,time_us
V2V,Falcon,Verification,Falcon-512,53.0,pqc_tidy_timings.csv,157,time_us
V2V,Falcon,Verification,Falcon-1024,106.0,pqc_tidy_timings.csv,158,time_us
V2V,Falcon,Verification,Falcon-512,55.0,pqc_tidy_timings.csv,159,time_us
V2V,Falcon,Verification,Falcon-1024,106.0,pqc_tidy_timings.csv,160,time_us
V2V,Falcon,Verification,Falcon-512,55.0,pqc_tidy_timings.csv,161,time_us
V2V,Falcon,Verification,Falcon-1024,110.0,pqc_tidy_timings.csv,162,time_us
V2V,Falcon,Verification,Falcon-512,52.0,pqc_tidy_timings.csv,163,time_us
V2V,Falcon,Verification,Falcon-1024,104.0,pqc_tidy_timings.csv,164,time_us
V2V,Falcon,Verification,Falcon-512,55.0,pqc_tidy_timings.csv,165,time_us
V2V,Falcon,Verification,Falcon-1024,104.0,pqc_tidy_timings.csv,166,time_us
V2V,Kyber,Decapsulation,Kyber-512,56.0,pqc_tidy_timings.csv,167,time_us
V2V,Kyber,Decapsulation,Kyber-768,86.0,pqc_tidy_timings.csv,168,time_us
V2V,Kyber,Decapsulation,Kyber-1024,126.0,pqc_tidy_timings.csv,169,time_us
V2V,Kyber,Decapsulation,Kyber-512,56.0,pqc_tidy_timings.csv,170,time_us
V2V,Kyber,Decapsulation,Kyber-768,87.0,pqc_tidy_timings.csv,171,time_us
V2V,Kyber,Decapsulation,Kyber-1024,125.0,pqc_tidy_timings.csv,172,time_us
V2V,Kyber,Decapsulation,Kyber-512,56.0,pqc_tidy_timings.csv,173,time_us
V2V,Kyber,Decapsulation,Kyber-768,92.0,pqc_tidy_timings.csv,174,time_us
V2V,Kyber,Decapsulation,Kyber-1024,125.0,pqc_tidy_timings.csv,175,time_us
V2V,Kyber,Decapsulation,Kyber-512,56.0,pqc_tidy_timings.csv,176,time_us
V2V,Kyber,Decapsulation,Kyber-768,109.0,pqc_tidy_timings.csv,177,time_us
V2V,Kyber,Decapsulation,Kyber-1024,145.0,pqc_tidy_timings.csv,178,time_us
V2V,Kyber,Decapsulation,Kyber-512,58.0,pqc_tidy_timings.csv,179,time_us
V2V,Kyber,Decapsulation,Kyber-768,87.0,pqc_tidy_timings.csv,180,time_us
V2V,Kyber,Decapsulation,Kyber-1024,128.0,pqc_tidy_timings.csv,181,time_us
V2V,Kyber,Decapsulation,Kyber-512,56.0,pqc_tidy_timings.csv,182,time_us
V2V,Kyber,Decapsulation,Kyber-768,85.0,pqc_tidy_timings.csv,183,time_us
V2V,Kyber,Decapsulation,Kyber-1024,126.0,pqc_tidy_timings.csv,184,time_us
V2V,Kyber,Decapsulation,Kyber-512,57.0,pqc_tidy_timings.csv,185,time_us
V2V,Kyber,Decapsulation,Kyber-768,120.0,pqc_tidy_timings.csv,186,time_us
V2V,Kyber,Decapsulation,Kyber-1024,127.0,pqc_tidy_timings.csv,187,time_us
V2V,Kyber,Decapsulation,Kyber-512,59.0,pqc_tidy_timings.csv,188,time_us
V2V,Kyber,Decapsulation,Kyber-768,86.0,pqc_tidy_timings.csv,189,time_us
V2V,Kyber,Decapsulation,Kyber-1024,124.0,pqc_tidy_timings.csv,190,time_us
V2V,Kyber,Decapsulation,Kyber-512,56.0,pqc_tidy_timings.csv,191,time_us
V2V,Kyber,Decapsulation,Kyber-768,88.0,pqc_tidy_timings.csv,192,time_us
V2V,Kyber,Decapsulation,Kyber-1024,126.0,pqc_tidy_timings.csv,193,time_us
V2V,Kyber,Decapsulation,Kyber-512,56.0,pqc_tidy_timings.csv,194,time_us
V2V,Kyber,Decapsulation,Kyber-768,86.0,pqc_tidy_timings.csv,195,time_us
V2V,Kyber,Decapsulation,Kyber-1024,125.0,pqc_tidy_timings.csv,196,time_us
V2V,Kyber,Decapsulation,Kyber-512,55.0,pqc_tidy_timings.csv,197,time_us
V2V,Kyber,Decapsulation,Kyber-768,85.0,pqc_tidy_timings.csv,198,time_us
V2V,Kyber,Decapsulation,Kyber-1024,149.0,pqc_tidy_timings.csv,199,time_us
V2V,Kyber,Decapsulation,Kyber-512,56.0,pqc_tidy_timings.csv,200,time_us
V2V,Kyber,Decapsulation,Kyber-768,90.0,pqc_tidy_timings.csv,201,time_us
V2V,Kyber,Decapsulation,Kyber-1024,126.0,pqc_tidy_timings.csv,202,time_us
V2V,Kyber,Decapsulation,Kyber-512,57.0,pqc_tidy_timings.csv,203,time_us
V2V,Kyber,Decapsulation,Kyber-768,121.0,pqc_tidy_timings.csv,204,time_us
V2V,Kyber,Decapsulation,Kyber-1024,223.0,pqc_tidy_timings.csv,205,time_us
V2V,Kyber,Decapsulation,Kyber-512,64.0,pqc_tidy_timings.csv,206,time_us
V2V,Kyber,Decapsulation,Kyber-768,86.0,pqc_tidy_timings.csv,207,time_us
V2V,Kyber,Decapsulation,Kyber-1024,124.0,pqc_tidy_timings.csv,208,time_us
V2V,Kyber,Decapsulation,Kyber-512,57.0,pqc_tidy_timings.csv,209,time_us
V2V,Kyber,Decapsulation,Kyber-768,86.0,pqc_tidy_timings.csv,210,time_us
V2V,Kyber,Decapsulation,Kyber-1024,125.0,pqc_tidy_timings.csv,211,time_us
V2V,Kyber,Decapsulation,Kyber-512,57.0,pqc_tidy_timings.csv,212,time_us
V2V,Kyber,Decapsulation,Kyber-768,91.0,pqc_tidy_timings.csv,213,time_us
V2V,Kyber,Decapsulation,Kyber-1024,125.0,pqc_tidy_timings.csv,214,time_us
V2V,Kyber,Decapsulation,Kyber-512,154.0,pqc_tidy_timings.csv,215,time_us
V2V,Kyber,Decapsulation,Kyber-768,87.0,pqc_tidy_timings.csv,216,time_us
V2V,Kyber,Decapsulation,Kyber-1024,126.0,pqc_tidy_timings.csv,217,time_us
V2V,Kyber,Decapsulation,Kyber-512,56.0,pqc_tidy_timings.csv,218,time_us
V2V,Kyber,Decapsulation,Kyber-768,86.0,pqc_tidy_timings.csv,219,time_us
V2V,Kyber,Decapsulation,Kyber-1024,125.0,pqc_tidy_timings.csv,220,time_us
V2V,Kyber,Encapsulation,Kyber-512,48.0,pqc_tidy_timings.csv,221,time_us
V2V,Kyber,Encapsulation,Kyber-768,71.0,pqc_tidy_timings.csv,222,time_us
V2V,Kyber,Encapsulation,Kyber-1024,106.0,pqc_tidy_timings.csv,223,time_us
V2V,Kyber,Encapsulation,Kyber-512,67.0,pqc_tidy_timings.csv,224,time_us
V2V,Kyber,Encapsulation,Kyber-768,76.0,pqc_tidy_timings.csv,225,time_us
V2V,Kyber,Encapsulation,Kyber-1024,107.0,pqc_tidy_timings.csv,226,time_us
V2V,Kyber,Encapsulation,Kyber-512,48.0,pqc_tidy_timings.csv,227,time_us
V2V,Kyber,Encapsulation,Kyber-768,72.0,pqc_tidy_timings.csv,228,time_us
V2V,Kyber,Encapsulation,Kyber-1024,106.0,pqc_tidy_timings.csv,229,time_us
V2V,Kyber,Encapsulation,Kyber-512,46.0,pqc_tidy_timings.csv,230,time_us
V2V,Kyber,Encapsulation,Kyber-768,72.0,pqc_tidy_timings.csv,231,time_us
V2V,Kyber,Encapsulation,Kyber-1024,106.0,pqc_tidy_timings.csv,232,time_us
V2V,Kyber,Encapsulation,Kyber-512,54.0,pqc_tidy_timings.csv,233,time_us
V2V,Kyber,Encapsulation,Kyber-768,73.0,pqc_tidy_timings.csv,234,time_us
V2V,Kyber,Encapsulation,Kyber-1024,110.0,pqc_tidy_timings.csv,235,time_us
V2V,Kyber,Encapsulation,Kyber-512,45.0,pqc_tidy_timings.csv,236,time_us
V2V,Kyber,Encapsulation,Kyber-768,72.0,pqc_tidy_timings.csv,237,time_us
V2V,Kyber,Encapsulation,Kyber-1024,107.0,pqc_tidy_timings.csv,238,time_us
V2V,Kyber,Encapsulation,Kyber-512,52.0,pqc_tidy_timings.csv,239,time_us
V2V,Kyber,Encapsulation,Kyber-768,83.0,pqc_tidy_timings.csv,240,time_us
V2V,Kyber,Encapsulation,Kyber-1024,108.0,pqc_tidy_timings.csv,241,time_us
V2V,Kyber,Encapsulation,Kyber-512,46.0,pqc_tidy_timings.csv,242,time_us
V2V,Kyber,Encapsulation,Kyber-768,74.0,pqc_tidy_timings.csv,243,time_us
V2V,Kyber,Encapsulation,Kyber-1024,107.0,pqc_tidy_timings.csv,244,time_us
V2V,Kyber,Encapsulation,Kyber-512,46.0,pqc_tidy_timings.csv,245,time_us
V2V,Kyber,Encapsulation,Kyber-768,73.0,pqc_tidy_timings.csv,246,time_us
V2V,Kyber,Encapsulation,Kyber-1024,105.0,pqc_tidy_timings.csv,247,time_us
V2V,Kyber,Encapsulation,Kyber-512,89.0,pqc_tidy_timings.csv,248,time_us
V2V,Kyber,Encapsulation,Kyber-768,78.0,pqc_tidy_timings.csv,249,time_us
V2V,Kyber,Encapsulation,Kyber-1024,107.0,pqc_tidy_timings.csv,250,time_us
V2V,Kyber,Encapsulation,Kyber-512,52.0,pqc_tidy_timings.csv,251,time_us
V2V,Kyber,Encapsulation,Kyber-768,72.0,pqc_tidy_timings.csv,252,time_us
V2V,Kyber,Encapsulation,Kyber-1024,107.0,pqc_tidy_timings.csv,253,time_us
V2V,Kyber,Encapsulation,Kyber-512,46.0,pqc_tidy_timings.csv,254,time_us
V2V,Kyber,Encapsulation,Kyber-768,73.0,pqc_tidy_timings.csv,255,time_us
V2V,Kyber,Encapsulation,Kyber-1024,107.0,pqc_tidy_timings.csv,256,time_us
V2V,Kyber,Encapsulation,Kyber-512,46.0,pqc_tidy_timings.csv,257,time_us
V2V,Kyber,Encapsulation,Kyber-768,75.0,pqc_tidy_timings.csv,258,time_us
V2V,Kyber,Encapsulation,Kyber-1024,315.0,pqc_tidy_timings.csv,259,time_us
V2V,Kyber,Encapsulation,Kyber-512,47.0,pqc_tidy_timings.csv,260,time_us
V2V,Kyber,Encapsulation,Kyber-768,73.0,pqc_tidy_timings.csv,261,time_us
V2V,Kyber,Encapsulation,Kyber-1024,107.0,pqc_tidy_timings.csv,262,time_us
V2V,Kyber,Encapsulation,Kyber-512,47.0,pqc_tidy_timings.csv,263,time_us
V2V,Kyber,Encapsulation,Kyber-768,74.0,pqc_tidy_timings.csv,264,time_us
V2V,Kyber,Encapsulation,Kyber-1024,107.0,pqc_tidy_timings.csv,265,time_us
V2V,Kyber,Encapsulation,Kyber-512,50.0,pqc_tidy_timings.csv,266,time_us
V2V,Kyber,Encapsulation,Kyber-768,104.0,pqc_tidy_timings.csv,267,time_us
V2V,Kyber,Encapsulation,Kyber-1024,114.0,pqc_tidy_timings.csv,268,time_us
V2V,Kyber,Encapsulation,Kyber-512,83.0,pqc_tidy_timings.csv,269,time_us
V2V,Kyber,Encapsulation,Kyber-768,80.0,pqc_tidy_timings.csv,270,time_us
V2V,Kyber,Encapsulation,Kyber-1024,111.0,pqc_tidy_timings.csv,271,time_us
V2V,Kyber,Encapsulation,Kyber-512,47.0,pqc_tidy_timings.csv,272,time_us
V2V,Kyber,Encapsulation,Kyber-768,71.0,pqc_tidy_timings.csv,273,time_us
V2V,Kyber,Encapsulation,Kyber-1024,107.0,pqc_tidy_timings.csv,274,time_us
V2V,Kyber,KeyGen,Kyber-512,47.0,pqc_tidy_timings.csv,275,time_us
V2V,Kyber,KeyGen,Kyber-768,82.0,pqc_tidy_timings.csv,276,time_us
V2V,Kyber,KeyGen,Kyber-1024,110.0,pqc_tidy_timings.csv,277,time_us
V2V,Kyber,KeyGen,Kyber-512,42.0,pqc_tidy_timings.csv,278,time_us
V2V,Kyber,KeyGen,Kyber-768,93.0,pqc_tidy_timings.csv,279,time_us
V2V,Kyber,KeyGen,Kyber-1024,108.0,pqc_tidy_timings.csv,280,time_us
V2V,Kyber,KeyGen,Kyber-512,37.0,pqc_tidy_timings.csv,281,time_us
V2V,Kyber,KeyGen,Kyber-768,63.0,pqc_tidy_timings.csv,282,time_us
V2V,Kyber,KeyGen,Kyber-1024,111.0,pqc_tidy_timings.csv,283,time_us
V2V,Kyber,KeyGen,Kyber-512,49.0,pqc_tidy_timings.csv,284,time_us
V2V,Kyber,KeyGen,Kyber-768,88.0,pqc_tidy_timings.csv,285,time_us
V2V,Kyber,KeyGen,Kyber-1024,158.0,pqc_tidy_timings.csv,286,time_us
V2V,Kyber,KeyGen,Kyber-512,38.0,pqc_tidy_timings.csv,287,time_us
V2V,Kyber,KeyGen,Kyber-768,61.0,pqc_tidy_timings.csv,288,time_us
V2V,Kyber,KeyGen,Kyber-1024,92.0,pqc_tidy_timings.csv,289,time_us
V2V,Kyber,KeyGen,Kyber-512,48.0,pqc_tidy_timings.csv,290,time_us
V2V,Kyber,KeyGen,Kyber-768,74.0,pqc_tidy_timings.csv,291,time_us
V2V,Kyber,KeyGen,Kyber-1024,93.0,pqc_tidy_timings.csv,292,time_us
V2V,Kyber,KeyGen,Kyber-512,77.0,pqc_tidy_timings.csv,293,time_us
V2V,Kyber,KeyGen,Kyber-768,103.0,pqc_tidy_timings.csv,294,time_us
V2V,Kyber,KeyGen,Kyber-1024,93.0,pqc_tidy_timings.csv,295,time_us
V2V,Kyber,KeyGen,Kyber-512,42.0,pqc_tidy_timings.csv,296,time_us
V2V,Kyber,KeyGen,Kyber-768,61.0,pqc_tidy_timings.csv,297,time_us
V2V,Kyber,KeyGen,Kyber-1024,93.0,pqc_tidy_timings.csv,298,time_us
V2V,Kyber,KeyGen,Kyber-512,37.0,pqc_tidy_timings.csv,299,time_us
V2V,Kyber,KeyGen,Kyber-768,64.0,pqc_tidy_timings.csv,300,time_us
V2V,Kyber,KeyGen,Kyber-1024,101.0,pqc_tidy_timings.csv,301,time_us
V2X,Dilithium,KeyGen,Dilithium-44,126.0,pqc_tidy_timings.csv,302,time_us
V2X,Dilithium,KeyGen,Dilithium-65,192.0,pqc_tidy_timings.csv,303,time_us
V2X,Dilithium,KeyGen,Dilithium-87,313.0,pqc_tidy_timings.csv,304,time_us
V2X,Dilithium,KeyGen,Dilithium-44,177.0,pqc_tidy_timings.csv,305,time_us
V2X,Dilithium,KeyGen,Dilithium-65,211.0,pqc_tidy_timings.csv,306,time_us
V2X,Dilithium,KeyGen,Dilithium-87,318.0,pqc_tidy_timings.csv,307,time_us
V2X,Dilithium,KeyGen,Dilithium-44,123.0,pqc_tidy_timings.csv,308,time_us
V2X,Dilithium,KeyGen,Dilithium-65,195.0,pqc_tidy_timings.csv,309,time_us
V2X,Dilithium,KeyGen,Dilithium-87,305.0,pqc_tidy_timings.csv,310,time_us
V2X,Dilithium,KeyGen,Dilithium-44,126.0,pqc_tidy_timings.csv,311,time_us
V2X,Dilithium,KeyGen,Dilithium-65,276.0,pqc_tidy_timings.csv,312,time_us
V2X,Dilithium,KeyGen,Dilithium-87,329.0,pqc_tidy_timings.csv,313,time_us
V2X,Dilithium,KeyGen,Dilithium-44,111.0,pqc_tidy_timings.csv,314,time_us
V2X,Dilithium,KeyGen,Dilithium-65,190.0,pqc_tidy_timings.csv,315,time_us
V2X,Dilithium,KeyGen,Dilithium-87,287.0,pqc_tidy_timings.csv,316,time_us
V2X,Dilithium,KeyGen,Dilithium-44,109.0,pqc_tidy_timings.csv,317,time_us
V2X,Dilithium,KeyGen,Dilithium-65,221.0,pqc_tidy_timings.csv,318,time_us
V2X,Dilithium,KeyGen,Dilithium-87,337.0,pqc_tidy_timings.csv,319,time_us
V2X,Dilithium,KeyGen,Dilithium-44,103.0,pqc_tidy_timings.csv,320,time_us
V2X,Dilithium,KeyGen,Dilithium-65,203.0,pqc_tidy_timings.csv,321,time_us
V2X,Dilithium,KeyGen,Dilithium-87,301.0,pqc_tidy_timings.csv,322,time_us
V2X,Dilithium,KeyGen,Dilithium-44,167.0,pqc_tidy_timings.csv,323,time_us
V2X,Dilithium,KeyGen,Dilithium-65,228.0,pqc_tidy_timings.csv,324,time_us
V2X,Dilithium,KeyGen,Dilithium-87,415.0,pqc_tidy_timings.csv,325,time_us
V2X,Dilithium,KeyGen,Dilithium-44,104.0,pqc_tidy_timings.csv,326,time_us
V2X,Dilithium,KeyGen,Dilithium-65,220.0,pqc_tidy_timings.csv,327,time_us
V2X,Dilithium,KeyGen,Dilithium-87,291.0,pqc_tidy_timings.csv,328,time_us
V2X,Dilithium,KeyGen,Dilithium-44,113.0,pqc_tidy_timings.csv,329,time_us
V2X,Dilithium,KeyGen,Dilithium-65,194.0,pqc_tidy_timings.csv,330,time_us
V2X,Dilithium,KeyGen,Dilithium-87,335.0,pqc_tidy_timings.csv,331,time_us
V2X,Dilithium,KeyGen,Dilithium-44,103.0,pqc_tidy_timings.csv,332,time_us
V2X,Dilithium,KeyGen,Dilithium-65,188.0,pqc_tidy_timings.csv,333,time_us
V2X,Dilithium,KeyGen,Dilithium-87,323.0,pqc_tidy_timings.csv,334,time_us
V2X,Dilithium,KeyGen,Dilithium-44,139.0,pqc_tidy_timings.csv,335,time_us
V2X,Dilithium,KeyGen,Dilithium-65,200.0,pqc_tidy_timings.csv,336,time_us
V2X,Dilithium,KeyGen,Dilithium-87,486.0,pqc_tidy_timings.csv,337,time_us
V2X,Dilithium,KeyGen,Dilithium-44,104.0,pqc_tidy_timings.csv,338,time_us
V2X,Dilithium,KeyGen,Dilithium-65,189.0,pqc_tidy_timings.csv,339,time_us
V2X,Dilithium,KeyGen,Dilithium-87,303.0,pqc_tidy_timings.csv,340,time_us
V2X,Dilithium,KeyGen,Dilithium-44,186.0,pqc_tidy_timings.csv,341,time_us
V2X,Dilithium,KeyGen,Dilithium-65,198.0,pqc_tidy_timings.csv,342,time_us
V2X,Dilithium,KeyGen,Dilithium-87,316.0,pqc_tidy_timings.csv,343,time_us
V2X,Dilithium,KeyGen,Dilithium-44,161.0,pqc_tidy_timings.csv,344,time_us
V2X,Dilithium,KeyGen,Dilithium-65,243.0,pqc_tidy_timings.csv,345,time_us
V2X,Dilithium,KeyGen,Dilithium-87,333.0,pqc_tidy_timings.csv,346,time_us
V2X,Dilithium,KeyGen,Dilithium-44,120.0,pqc_tidy_timings.csv,347,time_us
V2X,Dilithium,KeyGen,Dilithium-65,236.0,pqc_tidy_timings.csv,348,time_us
V2X,Dilithium,KeyGen,Dilithium-87,331.0,pqc_tidy_timings.csv,349,time_us
V2X,Dilithium,KeyGen,Dilithium-44,106.0,pqc_tidy_timings.csv,350,time_us
V2X,Dilithium,KeyGen,Dilithium-65,193.0,pqc_tidy_timings.csv,351,time_us
V2X,Dilithium,KeyGen,Dilithium-87,295.0,pqc_tidy_timings.csv,352,time_us
V2X,Dilithium,KeyGen,Dilithium-44,119.0,pqc_tidy_timings.csv,353,time_us
V2X,Dilithium,KeyGen,Dilithium-65,229.0,pqc_tidy_timings.csv,354,time_us
V2X,Dilithium,KeyGen,Dilithium-87,336.0,pqc_tidy_timings.csv,355,time_us
V2X,Dilithium,KeyGen,Dilithium-44,109.0,pqc_tidy_timings.csv,356,time_us
V2X,Dilithium,KeyGen,Dilithium-65,189.0,pqc_tidy_timings.csv,357,time_us
V2X,Dilithium,KeyGen,Dilithium-87,327.0,pqc_tidy_timings.csv,358,time_us
V2X,Dilithium,KeyGen,Dilithium-44,115.0,pqc_tidy_timings.csv,359,time_us
V2X,Dilithium,KeyGen,Dilithium-65,195.0,pqc_tidy_timings.csv,360,time_us
V2X,Dilithium,KeyGen,Dilithium-87,317.0,pqc_tidy_timings.csv,361,time_us
V2X,Dilithium,KeyGen,Dilithium-44,108.0,pqc_tidy_timings.csv,362,time_us
V2X,Dilithium,KeyGen,Dilithium-65,224.0,pqc_tidy_timings.csv,363,time_us
V2X,Dilithium,KeyGen,Dilithium-87,301.0,pqc_tidy_timings.csv,364,time_us
V2X,Dilithium,KeyGen,Dilithium-44,120.0,pqc_tidy_timings.csv,365,time_us
V2X,Dilithium,KeyGen,Dilithium-65,223.0,pqc_tidy_timings.csv,366,time_us
V2X,Dilithium,KeyGen,Dilithium-87,293.0,pqc_tidy_timings.csv,367,time_us
V2X,Dilithium,KeyGen,Dilithium-44,104.0,pqc_tidy_timings.csv,368,time_us
V2X,Dilithium,KeyGen,Dilithium-65,188.0,pqc_tidy_timings.csv,369,time_us
V2X,Dilithium,KeyGen,Dilithium-87,310.0,pqc_tidy_timings.csv,370,time_us
V2X,Dilithium,KeyGen,Dilithium-44,131.0,pqc_tidy_timings.csv,371,time_us
V2X,Dilithium,KeyGen,Dilithium-65,194.0,pqc_tidy_timings.csv,372,time_us
V2X,Dilithium,KeyGen,Dilithium-87,330.0,pqc_tidy_timings.csv,373,time_us
V2X,Dilithium,KeyGen,Dilithium-44,105.0,pqc_tidy_timings.csv,374,time_us
V2X,Dilithium,KeyGen,Dilithium-65,188.0,pqc_tidy_timings.csv,375,time_us
V2X,Dilithium,KeyGen,Dilithium-87,285.0,pqc_tidy_timings.csv,376,time_us
V2X,Dilithium,KeyGen,Dilithium-44,111.0,pqc_tidy_timings.csv,377,time_us
V2X,Dilithium,KeyGen,Dilithium-65,260.0,pqc_tidy_timings.csv,378,time_us
V2X,Dilithium,KeyGen,Dilithium-87,298.0,pqc_tidy_timings.csv,379,time_us
V2X,Dilithium,KeyGen,Dilithium-44,107.0,pqc_tidy_timings.csv,380,time_us
V2X,Dilithium,KeyGen,Dilithium-65,194.0,pqc_tidy_timings.csv,381,time_us
V2X,Dilithium,KeyGen,Dilithium-87,303.0,pqc_tidy_timings.csv,382,time_us
V2X,Dilithium,KeyGen,Dilithium-44,171.0,pqc_tidy_timings.csv,383,time_us
V2X,Dilithium,KeyGen,Dilithium-65,219.0,pqc_tidy_timings.csv,384,time_us
V2X,Dilithium,KeyGen,Dilithium-87,776.0,pqc_tidy_timings.csv,385,time_us
V2X,Dilithium,KeyGen,Dilithium-44,106.0,pqc_tidy_timings.csv,386,time_us
V2X,Dilithium,KeyGen,Dilithium-65,189.0,pqc_tidy_timings.csv,387,time_us
V2X,Dilithium,KeyGen,Dilithium-87,309.0,pqc_tidy_timings.csv,388,time_us
V2X,Dilithium,KeyGen,Dilithium-44,107.0,pqc_tidy_timings.csv,389,time_us
V2X,Dilithium,KeyGen,Dilithium-65,203.0,pqc_tidy_timings.csv,390,time_us
V2X,Dilithium,KeyGen,Dilithium-87,295.0,pqc_tidy_timings.csv,391,time_us
V2X,Dilithium,KeyGen,Dilithium-44,103.0,pqc_tidy_timings.csv,392,time_us
V2X,Dilithium,KeyGen,Dilithium-65,190.0,pqc_tidy_timings.csv,393,time_us
V2X,Dilithium,KeyGen,Dilithium-87,284.0,pqc_tidy_timings.csv,394,time_us
V2X,Dilithium,KeyGen,Dilithium-44,114.0,pqc_tidy_timings.csv,395,time_us
V2X,Dilithium,KeyGen,Dilithium-65,194.0,pqc_tidy_timings.csv,396,time_us
V2X,Dilithium,KeyGen,Dilithium-87,325.0,pqc_tidy_timings.csv,397,time_us
V2X,Dilithium,KeyGen,Dilithium-44,119.0,pqc_tidy_timings.csv,398,time_us
V2X,Dilithium,KeyGen,Dilithium-65,190.0,pqc_tidy_timings.csv,399,time_us
V2X,Dilithium,KeyGen,Dilithium-87,302.0,pqc_tidy_timings.csv,400,time_us
V2X,Dilithium,KeyGen,Dilithium-44,188.0,pqc_tidy_timings.csv,401,time_us
V2X,Dilithium,KeyGen,Dilithium-65,193.0,pqc_tidy_timings.csv,402,time_us
V2X,Dilithium,KeyGen,Dilithium-87,301.0,pqc_tidy_timings.csv,403,time_us
V2X,Dilithium,KeyGen,Dilithium-44,132.0,pqc_tidy_timings.csv,404,time_us
V2X,Dilithium,KeyGen,Dilithium-65,234.0,pqc_tidy_timings.csv,405,time_us
V2X,Dilithium,KeyGen,Dilithium-87,315.0,pqc_tidy_timings.csv,406,time_us
V2X,Dilithium,KeyGen,Dilithium-44,111.0,pqc_tidy_timings.csv,407,time_us
V2X,Dilithium,KeyGen,Dilithium-65,216.0,pqc_tidy_timings.csv,408,time_us
V2X,Dilithium,KeyGen,Dilithium-87,314.0,pqc_tidy_timings.csv,409,time_us
V2X,Dilithium,KeyGen,Dilithium-44,103.0,pqc_tidy_timings.csv,410,time_us
V2X,Dilithium,KeyGen,Dilithium-65,189.0,pqc_tidy_timings.csv,411,time_us
V2X,Dilithium,KeyGen,Dilithium-87,291.0,pqc_tidy_timings.csv,412,time_us
V2X,Dilithium,KeyGen,Dilithium-44,112.0,pqc_tidy_timings.csv,413,time_us
V2X,Dilithium,KeyGen,Dilithium-65,233.0,pqc_tidy_timings.csv,414,time_us
V2X,Dilithium,KeyGen,Dilithium-87,328.0,pqc_tidy_timings.csv,415,time_us
V2X,Dilithium,KeyGen,Dilithium-44,136.0,pqc_tidy_timings.csv,416,time_us
V2X,Dilithium,KeyGen,Dilithium-65,203.0,pqc_tidy_timings.csv,417,time_us
V2X,Dilithium,KeyGen,Dilithium-87,319.0,pqc_tidy_timings.csv,418,time_us
V2X,Dilithium,KeyGen,Dilithium-44,116.0,pqc_tidy_timings.csv,419,time_us
V2X,Dilithium,KeyGen,Dilithium-65,194.0,pqc_tidy_timings.csv,420,time_us
V2X,Dilithium,KeyGen,Dilithium-87,384.0,pqc_tidy_timings.csv,421,time_us
V2X,Dilithium,KeyGen,Dilithium-44,108.0,pqc_tidy_timings.csv,422,time_us
V2X,Dilithium,KeyGen,Dilithium-65,228.0,pqc_tidy_timings.csv,423,time_us
V2X,Dilithium,KeyGen,Dilithium-87,429.0,pqc_tidy_timings.csv,424,time_us
V2X,Dilithium,KeyGen,Dilithium-44,112.0,pqc_tidy_timings.csv,425,time_us
V2X,Dilithium,KeyGen,Dilithium-65,197.0,pqc_tidy_timings.csv,426,time_us
V2X,Dilithium,KeyGen,Dilithium-87,303.0,pqc_tidy_timings.csv,427,time_us
V2X,Dilithium,KeyGen,Dilithium-44,105.0,pqc_tidy_timings.csv,428,time_us
V2X,Dilithium,KeyGen,Dilithium-65,242.0,pqc_tidy_timings.csv,429,time_us
V2X,Dilithium,KeyGen,Dilithium-87,287.0,pqc_tidy_timings.csv,430,time_us
V2X,Dilithium,KeyGen,Dilithium-44,108.0,pqc_tidy_timings.csv,431,time_us
V2X,Dilithium,KeyGen,Dilithium-65,221.0,pqc_tidy_timings.csv,432,time_us
V2X,Dilithium,KeyGen,Dilithium-87,409.0,pqc_tidy_timings.csv,433,time_us
V2X,Dilithium,KeyGen,Dilithium-44,199.0,pqc_tidy_timings.csv,434,time_us
V2X,Dilithium,KeyGen,Dilithium-65,200.0,pqc_tidy_timings.csv,435,time_us
V2X,Dilithium,KeyGen,Dilithium-87,337.0,pqc_tidy_timings.csv,436,time_us
V2X,Dilithium,KeyGen,Dilithium-44,175.0,pqc_tidy_timings.csv,437,time_us
V2X,Dilithium,KeyGen,Dilithium-65,196.0,pqc_tidy_timings.csv,438,time_us
V2X,Dilithium,KeyGen,Dilithium-87,406.0,pqc_tidy_timings.csv,439,time_us
V2X,Dilithium,KeyGen,Dilithium-44,110.0,pqc_tidy_timings.csv,440,time_us
V2X,Dilithium,KeyGen,Dilithium-65,188.0,pqc_tidy_timings.csv,441,time_us
V2X,Dilithium,KeyGen,Dilithium-87,292.0,pqc_tidy_timings.csv,442,time_us
V2X,Dilithium,KeyGen,Dilithium-44,114.0,pqc_tidy_timings.csv,443,time_us
V2X,Dilithium,KeyGen,Dilithium-65,246.0,pqc_tidy_timings.csv,444,time_us
V2X,Dilithium,KeyGen,Dilithium-87,334.0,pqc_tidy_timings.csv,445,time_us
V2X,Dilithium,KeyGen,Dilithium-44,104.0,pqc_tidy_timings.csv,446,time_us
V2X,Dilithium,KeyGen,Dilithium-65,188.0,pqc_tidy_timings.csv,447,time_us
V2X,Dilithium,KeyGen,Dilithium-87,287.0,pqc_tidy_timings.csv,448,time_us
V2X,Dilithium,KeyGen,Dilithium-44,133.0,pqc_tidy_timings.csv,449,time_us
V2X,Dilithium,KeyGen,Dilithium-65,208.0,pqc_tidy_timings.csv,450,time_us
V2X,Dilithium,KeyGen,Dilithium-87,326.0,pqc_tidy_timings.csv,451,time_us
V2X,Dilithium,KeyGen,Dilithium-44,105.0,pqc_tidy_timings.csv,452,time_us
V2X,Dilithium,KeyGen,Dilithium-65,188.0,pqc_tidy_timings.csv,453,time_us
V2X,Dilithium,KeyGen,Dilithium-87,293.0,pqc_tidy_timings.csv,454,time_us
V2X,Dilithium,KeyGen,Dilithium-44,116.0,pqc_tidy_timings.csv,455,time_us
V2X,Dilithium,KeyGen,Dilithium-65,207.0,pqc_tidy_timings.csv,456,time_us
V2X,Dilithium,KeyGen,Dilithium-87,303.0,pqc_tidy_timings.csv,457,time_us
V2X,Dilithium,KeyGen,Dilithium-44,110.0,pqc_tidy_timings.csv,458,time_us
V2X,Dilithium,KeyGen,Dilithium-65,188.0,pqc_tidy_timings.csv,459,time_us
V2X,Dilithium,KeyGen,Dilithium-87,1124.0,pqc_tidy_timings.csv,460,time_us
V2X,Dilithium,KeyGen,Dilithium-44,114.0,pqc_tidy_timings.csv,461,time_us
V2X,Dilithium,KeyGen,Dilithium-65,208.0,pqc_tidy_timings.csv,462,time_us
V2X,Dilithium,KeyGen,Dilithium-87,319.0,pqc_tidy_timings.csv,463,time_us
V2X,Dilithium,KeyGen,Dilithium-44,106.0,pqc_tidy_timings.csv,464,time_us
V2X,Dilithium,KeyGen,Dilithium-65,188.0,pqc_tidy_timings.csv,465,time_us
V2X,Dilithium,KeyGen,Dilithium-87,289.0,pqc_tidy_timings.csv,466,time_us
V2X,Dilithium,KeyGen,Dilithium-44,151.0,pqc_tidy_timings.csv,467,time_us
V2X,Dilithium,KeyGen,Dilithium-65,207.0,pqc_tidy_timings.csv,468,time_us
V2X,Dilithium,KeyGen,Dilithium-87,302.0,pqc_tidy_timings.csv,469,time_us
V2X,Dilithium,KeyGen,Dilithium-44,104.0,pqc_tidy_timings.csv,470,time_us
V2X,Dilithium,KeyGen,Dilithium-65,188.0,pqc_tidy_timings.csv,471,time_us
V2X,Dilithium,KeyGen,Dilithium-87,298.0,pqc_tidy_timings.csv,472,time_us
V2X,Dilithium,Signing,Dilithium-44,689.0,pqc_tidy_timings.csv,473,time_us
V2X,Dilithium,Signing,Dilithium-65,819.0,pqc_tidy_timings.csv,474,time_us
V2X,Dilithium,Signing,Dilithium-87,1285.0,pqc_tidy_timings.csv,475,time_us
V2X,Dilithium,Signing,Dilithium-44,371.0,pqc_tidy_timings.csv,476,time_us
V2X,Dilithium,Signing,Dilithium-65,853.0,pqc_tidy_timings.csv,477,time_us
V2X,Dilithium,Signing,Dilithium-87,1469.0,pqc_tidy_timings.csv,478,time_us
V2X,Dilithium,Signing,Dilithium-44,651.0,pqc_tidy_timings.csv,479,time_us
V2X,Dilithium,Signing,Dilithium-65,899.0,pqc_tidy_timings.csv,480,time_us
V2X,Dilithium,Signing,Dilithium-87,523.0,pqc_tidy_timings.csv,481,time_us
V2X,Dilithium,Signing,Dilithium-44,201.0,pqc_tidy_timings.csv,482,time_us
V2X,Dilithium,Signing,Dilithium-65,337.0,pqc_tidy_timings.csv,483,time_us
V2X,Dilithium,Signing,Dilithium-87,467.0,pqc_tidy_timings.csv,484,time_us
V2X,Dilithium,Signing,Dilithium-44,841.0,pqc_tidy_timings.csv,485,time_us
V2X,Dilithium,Signing,Dilithium-65,669.0,pqc_tidy_timings.csv,486,time_us
V2X,Dilithium,Signing,Dilithium-87,2868.0,pqc_tidy_timings.csv,487,time_us
V2X,Dilithium,Signing,Dilithium-44,692.0,pqc_tidy_timings.csv,488,time_us
V2X,Dilithium,Signing,Dilithium-65,1203.0,pqc_tidy_timings.csv,489,time_us
V2X,Dilithium,Signing,Dilithium-87,1752.0,pqc_tidy_timings.csv,490,time_us
V2X,Dilithium,Verification,Dilithium-44,115.0,pqc_tidy_timings.csv,491,time_us
V2X,Dilithium,Verification,Dilithium-65,187.0,pqc_tidy_timings.csv,492,time_us
V2X,Dilithium,Verification,Dilithium-87,310.0,pqc_tidy_timings.csv,493,time_us
V2X,Dilithium,Verification,Dilithium-44,115.0,pqc_tidy_timings.csv,494,time_us
V2X,Dilithium,Verification,Dilithium-65,186.0,pqc_tidy_timings.csv,495,time_us
V2X,Dilithium,Verification,Dilithium-87,300.0,pqc_tidy_timings.csv,496,time_us
V2X,Dilithium,Verification,Dilithium-44,115.0,pqc_tidy_timings.csv,497,time_us
V2X,Dilithium,Verification,Dilithium-65,186.0,pqc_tidy_timings.csv,498,time_us
V2X,Dilithium,Verification,Dilithium-87,313.0,pqc_tidy_timings.csv,499,time_us
V2X,Dilithium,Verification,Dilithium-44,151.0,pqc_tidy_timings.csv,500,time_us
V2X,Dilithium,Verification,Dilithium-65,188.0,pqc_tidy_timings.csv,501,time_us
V2X,Dilithium,Verification,Dilithium-87,319.0,pqc_tidy_timings.csv,502,time_us
V2X,Dilithium,Verification,Dilithium-44,116.0,pqc_tidy_timings.csv,503,time_us
V2X,Dilithium,Verification,Dilithium-65,199.0,pqc_tidy_timings.csv,504,time_us
V2X,Dilithium,Verification,Dilithium-87,451.0,pqc_tidy_timings.csv,505,time_us
V2X,Dilithium,Verification,Dilithium-44,114.0,pqc_tidy_timings.csv,506,time_us
V2X,Dilithium,Verification,Dilithium-65,207.0,pqc_tidy_timings.csv,507,time_us
V2X,Dilithium,Verification,Dilithium-87,300.0,pqc_tidy_timings.csv,508,time_us
V2X,Dilithium,Verification,Dilithium-44,117.0,pqc_tidy_timings.csv,509,time_us
V2X,Dilithium,Verification,Dilithium-65,236.0,pqc_tidy_timings.csv,510,time_us
V2X,Dilithium,Verification,Dilithium-87,301.0,pqc_tidy_timings.csv,511,time_us
V2X,Dilithium,Verification,Dilithium-44,114.0,pqc_tidy_timings.csv,512,time_us
V2X,Dilithium,Verification,Dilithium-65,237.0,pqc_tidy_timings.csv,513,time_us
V2X,Dilithium,Verification,Dilithium-87,302.0,pqc_tidy_timings.csv,514,time_us
V2X,Dilithium,Verification,Dilithium-44,114.0,pqc_tidy_timings.csv,515,time_us
V2X,Dilithium,Verification,Dilithium-65,186.0,pqc_tidy_timings.csv,516,time_us
V2X,Dilithium,Verification,Dilithium-87,330.0,pqc_tidy_timings.csv,517,time_us
V2X,Dilithium,Verification,Dilithium-44,122.0,pqc_tidy_timings.csv,518,time_us
V2X,Dilithium,Verification,Dilithium-65,207.0,pqc_tidy_timings.csv,519,time_us
V2X,Dilithium,Verification,Dilithium-87,308.0,pqc_tidy_timings.csv,520,time_us
V2X,Dilithium,Verification,Dilithium-44,116.0,pqc_tidy_timings.csv,521,time_us
V2X,Dilithium,Verification,Dilithium-65,187.0,pqc_tidy_timings.csv,522,time_us
V2X,Dilithium,Verification,Dilithium-87,300.0,pqc_tidy_timings.csv,523,time_us
V2X,Dilithium,Verification,Dilithium-44,133.0,pqc_tidy_timings.csv,524,time_us
V2X,Dilithium,Verification,Dilithium-65,234.0,pqc_tidy_timings.csv,525,time_us
V2X,Dilithium,Verification,Dilithium-87,331.0,pqc_tidy_timings.csv,526,time_us
V2X,Dilithium,Verification,Dilithium-44,116.0,pqc_tidy_timings.csv,527,time_us
V2X,Dilithium,Verification,Dilithium-65,189.0,pqc_tidy_timings.csv,528,time_us
V2X,Dilithium,Verification,Dilithium-87,300.0,pqc_tidy_timings.csv,529,time_us
V2X,Dilithium,Verification,Dilithium-44,115.0,pqc_tidy_timings.csv,530,time_us
V2X,Dilithium,Verification,Dilithium-65,192.0,pqc_tidy_timings.csv,531,time_us
V2X,Dilithium,Verification,Dilithium-87,312.0,pqc_tidy_timings.csv,532,time_us
V2X,Dilithium,Verification,Dilithium-44,120.0,pqc_tidy_timings.csv,533,time_us
V2X,Dilithium,Verification,Dilithium-65,188.0,pqc_tidy_timings.csv,534,time_us
V2X,Dilithium,Verification,Dilithium-87,324.0,pqc_tidy_timings.csv,535,time_us
V2X,Dilithium,Verification,Dilithium-44,115.0,pqc_tidy_timings.csv,536,time_us
V2X,Dilithium,Verification,Dilithium-65,186.0,pqc_tidy_timings.csv,537,time_us
V2X,Dilithium,Verification,Dilithium-87,302.0,pqc_tidy_timings.csv,538,time_us
V2X,Dilithium,Verification,Dilithium-44,114.0,pqc_tidy_timings.csv,539,time_us
V2X,Dilithium,Verification,Dilithium-65,188.0,pqc_tidy_timings.csv,540,time_us
V2X,Dilithium,Verification,Dilithium-87,301.0,pqc_tidy_timings.csv,541,time_us
V2X,Dilithium,Verification,Dilithium-44,114.0,pqc_tidy_timings.csv,542,time_us
V2X,Dilithium,Verification,Dilithium-65,188.0,pqc_tidy_timings.csv,543,time_us
V2X,Dilithium,Verification,Dilithium-87,307.0,pqc_tidy_timings.csv,544,time_us
V2X,Dilithium,Verification,Dilithium-44,175.0,pqc_tidy_timings.csv,545,time_us
V2X,Dilithium,Verification,Dilithium-65,188.0,pqc_tidy_timings.csv,546,time_us
V2X,Dilithium,Verification,Dilithium-87,337.0,pqc_tidy_timings.csv,547,time_us
V2X,Dilithium,Verification,Dilithium-44,115.0,pqc_tidy_timings.csv,548,time_us
V2X,Dilithium,Verification,Dilithium-65,186.0,pqc_tidy_timings.csv,549,time_us
V2X,Dilithium,Verification,Dilithium-87,301.0,pqc_tidy_timings.csv,550,time_us
V2X,Dilithium,Verification,Dilithium-44,707.0,pqc_tidy_timings.csv,551,time_us
V2X,Dilithium,Verification,Dilithium-65,187.0,pqc_tidy_timings.csv,552,time_us
V2X,Dilithium,Verification,Dilithium-87,394.0,pqc_tidy_timings.csv,553,time_us
V2X,Dilithium,Verification,Dilithium-44,132.0,pqc_tidy_timings.csv,554,time_us
V2X,Dilithium,Verification,Dilithium-65,189.0,pqc_tidy_timings.csv,555,time_us
V2X,Dilithium,Verification,Dilithium-87,300.0,pqc_tidy_timings.csv,556,time_us
V2X,Dilithium,Verification,Dilithium-44,136.0,pqc_tidy_timings.csv,557,time_us
V2X,Dilithium,Verification,Dilithium-65,297.0,pqc_tidy_timings.csv,558,time_us
V2X,Dilithium,Verification,Dilithium-87,300.0,pqc_tidy_timings.csv,559,time_us
V2X,Dilithium,Verification,Dilithium-44,115.0,pqc_tidy_timings.csv,560,time_us
V2X,Dilithium,Verification,Dilithium-65,188.0,pqc_tidy_timings.csv,561,time_us
V2X,Dilithium,Verification,Dilithium-87,303.0,pqc_tidy_timings.csv,562,time_us
V2X,Dilithium,Verification,Dilithium-44,269.0,pqc_tidy_timings.csv,563,time_us
V2X,Dilithium,Verification,Dilithium-65,209.0,pqc_tidy_timings.csv,564,time_us
V2X,Dilithium,Verification,Dilithium-87,300.0,pqc_tidy_timings.csv,565,time_us
V2X,Dilithium,Verification,Dilithium-44,153.0,pqc_tidy_timings.csv,566,time_us
V2X,Dilithium,Verification,Dilithium-65,218.0,pqc_tidy_timings.csv,567,time_us
V2X,Dilithium,Verification,Dilithium-87,330.0,pqc_tidy_timings.csv,568,time_us
V2X,Dilithium,Verification,Dilithium-44,119.0,pqc_tidy_timings.csv,569,time_us
V2X,Dilithium,Verification,Dilithium-65,187.0,pqc_tidy_timings.csv,570,time_us
V2X,Dilithium,Verification,Dilithium-87,299.0,pqc_tidy_timings.csv,571,time_us
V2X,Dilithium,Verification,Dilithium-44,119.0,pqc_tidy_timings.csv,572,time_us
V2X,Dilithium,Verification,Dilithium-65,188.0,pqc_tidy_timings.csv,573,time_us
V2X,Dilithium,Verification,Dilithium-87,302.0,pqc_tidy_timings.csv,574,time_us
V2X,Dilithium,Verification,Dilithium-44,114.0,pqc_tidy_timings.csv,575,time_us
V2X,Dilithium,Verification,Dilithium-65,187.0,pqc_tidy_timings.csv,576,time_us
V2X,Dilithium,Verification,Dilithium-87,326.0,pqc_tidy_timings.csv,577,time_us
V2X,Dilithium,Verification,Dilithium-44,115.0,pqc_tidy_timings.csv,578,time_us
V2X,Dilithium,Verification,Dilithium-65,186.0,pqc_tidy_timings.csv,579,time_us
V2X,Dilithium,Verification,Dilithium-87,300.0,pqc_tidy_timings.csv,580,time_us
V2X,Dilithium,Verification,Dilithium-44,115.0,pqc_tidy_timings.csv,581,time_us
V2X,Dilithium,Verification,Dilithium-65,188.0,pqc_tidy_timings.csv,582,time_us
V2X,Dilithium,Verification,Dilithium-87,302.0,pqc_tidy_timings.csv,583,time_us
V2X,Dilithium,Verification,Dilithium-44,114.0,pqc_tidy_timings.csv,584,time_us
V2X,Dilithium,Verification,Dilithium-65,196.0,pqc_tidy_timings.csv,585,time_us
V2X,Dilithium,Verification,Dilithium-87,367.0,pqc_tidy_timings.csv,586,time_us
V2X,Dilithium,Verification,Dilithium-44,115.0,pqc_tidy_timings.csv,587,time_us
V2X,Dilithium,Verification,Dilithium-65,232.0,pqc_tidy_timings.csv,588,time_us
V2X,Dilithium,Verification,Dilithium-87,306.0,pqc_tidy_timings.csv,589,time_us
V2X,Dilithium,Verification,Dilithium-44,177.0,pqc_tidy_timings.csv,590,time_us
V2X,Dilithium,Verification,Dilithium-65,200.0,pqc_tidy_timings.csv,591,time_us
V2X,Dilithium,Verification,Dilithium-87,325.0,pqc_tidy_timings.csv,592,time_us
V2X,Dilithium,Verification,Dilithium-44,130.0,pqc_tidy_timings.csv,593,time_us
V2X,Dilithium,Verification,Dilithium-65,188.0,pqc_tidy_timings.csv,594,time_us
V2X,Dilithium,Verification,Dilithium-87,364.0,pqc_tidy_timings.csv,595,time_us
V2X,Dilithium,Verification,Dilithium-44,114.0,pqc_tidy_timings.csv,596,time_us
V2X,Dilithium,Verification,Dilithium-65,187.0,pqc_tidy_timings.csv,597,time_us
V2X,Dilithium,Verification,Dilithium-87,311.0,pqc_tidy_timings.csv,598,time_us
V2X,Dilithium,Verification,Dilithium-44,224.0,pqc_tidy_timings.csv,599,time_us
V2X,Dilithium,Verification,Dilithium-65,187.0,pqc_tidy_timings.csv,600,time_us
V2X,Dilithium,Verification,Dilithium-87,1384.0,pqc_tidy_timings.csv,601,time_us
V2X,Dilithium,Verification,Dilithium-44,145.0,pqc_tidy_timings.csv,602,time_us
V2X,Dilithium,Verification,Dilithium-65,203.0,pqc_tidy_timings.csv,603,time_us
V2X,Dilithium,Verification,Dilithium-87,340.0,pqc_tidy_timings.csv,604,time_us
V2X,Dilithium,Verification,Dilithium-44,114.0,pqc_tidy_timings.csv,605,time_us
V2X,Dilithium,Verification,Dilithium-65,204.0,pqc_tidy_timings.csv,606,time_us
V2X,Dilithium,Verification,Dilithium-87,441.0,pqc_tidy_timings.csv,607,time_us
V2X,Dilithium,Verification,Dilithium-44,115.0,pqc_tidy_timings.csv,608,time_us
V2X,Dilithium,Verification,Dilithium-65,190.0,pqc_tidy_timings.csv,609,time_us
V2X,Dilithium,Verification,Dilithium-87,316.0,pqc_tidy_timings.csv,610,time_us
V2X,Dilithium,Verification,Dilithium-44,115.0,pqc_tidy_timings.csv,611,time_us
V2X,Dilithium,Verification,Dilithium-65,188.0,pqc_tidy_timings.csv,612,time_us
V2X,Dilithium,Verification,Dilithium-87,315.0,pqc_tidy_timings.csv,613,time_us
V2X,Dilithium,Verification,Dilithium-44,121.0,pqc_tidy_timings.csv,614,time_us
V2X,Dilithium,Verification,Dilithium-65,187.0,pqc_tidy_timings.csv,615,time_us
V2X,Dilithium,Verification,Dilithium-87,301.0,pqc_tidy_timings.csv,616,time_us
V2X,Dilithium,Verification,Dilithium-44,117.0,pqc_tidy_timings.csv,617,time_us
V2X,Dilithium,Verification,Dilithium-65,207.0,pqc_tidy_timings.csv,618,time_us
V2X,Dilithium,Verification,Dilithium-87,668.0,pqc_tidy_timings.csv,619,time_us
V2X,Dilithium,Verification,Dilithium-44,129.0,pqc_tidy_timings.csv,620,time_us
V2X,Dilithium,Verification,Dilithium-65,191.0,pqc_tidy_timings.csv,621,time_us
V2X,Dilithium,Verification,Dilithium-87,299.0,pqc_tidy_timings.csv,622,time_us
V2X,Dilithium,Verification,Dilithium-44,129.0,pqc_tidy_timings.csv,623,time_us
V2X,Dilithium,Verification,Dilithium-65,188.0,pqc_tidy_timings.csv,624,time_us
V2X,Dilithium,Verification,Dilithium-87,340.0,pqc_tidy_timings.csv,625,time_us
V2X,Dilithium,Verification,Dilithium-44,116.0,pqc_tidy_timings.csv,626,time_us
V2X,Dilithium,Verification,Dilithium-65,205.0,pqc_tidy_timings.csv,627,time_us
V2X,Dilithium,Verification,Dilithium-87,301.0,pqc_tidy_timings.csv,628,time_us
V2X,Dilithium,Verification,Dilithium-44,118.0,pqc_tidy_timings.csv,629,time_us
V2X,Dilithium,Verification,Dilithium-65,219.0,pqc_tidy_timings.csv,630,time_us
V2X,Dilithium,Verification,Dilithium-87,300.0,pqc_tidy_timings.csv,631,time_us
V2X,Dilithium,Verification,Dilithium-44,115.0,pqc_tidy_timings.csv,632,time_us
V2X,Dilithium,Verification,Dilithium-65,187.0,pqc_tidy_timings.csv,633,time_us
V2X,Dilithium,Verification,Dilithium-87,300.0,pqc_tidy_timings.csv,634,time_us
V2X,Dilithium,Verification,Dilithium-44,116.0,pqc_tidy_timings.csv,635,time_us
V2X,Dilithium,Verification,Dilithium-65,189.0,pqc_tidy_timings.csv,636,time_us
V2X,Dilithium,Verification,Dilithium-87,299.0,pqc_tidy_timings.csv,637,time_us
V2X,Dilithium,Verification,Dilithium-44,114.0,pqc_tidy_timings.csv,638,time_us
V2X,Dilithium,Verification,Dilithium-65,188.0,pqc_tidy_timings.csv,639,time_us
V2X,Dilithium,Verification,Dilithium-87,299.0,pqc_tidy_timings.csv,640,time_us
V2X,Dilithium,Verification,Dilithium-44,127.0,pqc_tidy_timings.csv,641,time_us
V2X,Dilithium,Verification,Dilithium-65,188.0,pqc_tidy_timings.csv,642,time_us
V2X,Dilithium,Verification,Dilithium-87,304.0,pqc_tidy_timings.csv,643,time_us
V2X,Dilithium,Verification,Dilithium-44,115.0,pqc_tidy_timings.csv,644,time_us
V2X,Dilithium,Verification,Dilithium-65,206.0,pqc_tidy_timings.csv,645,time_us
V2X,Dilithium,Verification,Dilithium-87,334.0,pqc_tidy_timings.csv,646,time_us
V2X,Dilithium,Verification,Dilithium-44,115.0,pqc_tidy_timings.csv,647,time_us
V2X,Dilithium,Verification,Dilithium-65,198.0,pqc_tidy_timings.csv,648,time_us
V2X,Dilithium,Verification,Dilithium-87,401.0,pqc_tidy_timings.csv,649,time_us
V2X,Dilithium,Verification,Dilithium-44,149.0,pqc_tidy_timings.csv,650,time_us
V2X,Dilithium,Verification,Dilithium-65,265.0,pqc_tidy_timings.csv,651,time_us
V2X,Dilithium,Verification,Dilithium-87,318.0,pqc_tidy_timings.csv,652,time_us
V2X,Dilithium,Verification,Dilithium-44,114.0,pqc_tidy_timings.csv,653,time_us
V2X,Dilithium,Verification,Dilithium-65,187.0,pqc_tidy_timings.csv,654,time_us
V2X,Dilithium,Verification,Dilithium-87,300.0,pqc_tidy_timings.csv,655,time_us
V2X,Dilithium,Verification,Dilithium-44,115.0,pqc_tidy_timings.csv,656,time_us
V2X,Dilithium,Verification,Dilithium-65,190.0,pqc_tidy_timings.csv,657,time_us
V2X,Dilithium,Verification,Dilithium-87,304.0,pqc_tidy_timings.csv,658,time_us
V2X,Falcon,KeyGen,Falcon-512,16396.0,pqc_tidy_timings.csv,659,time_us
V2X,Falcon,KeyGen,Falcon-1024,29173.0,pqc_tidy_timings.csv,660,time_us
V2X,Falcon,KeyGen,Falcon-512,27749.0,pqc_tidy_timings.csv,661,time_us
V2X,Falcon,KeyGen,Falcon-1024,52144.0,pqc_tidy_timings.csv,662,time_us
V2X,Falcon,KeyGen,Falcon-512,12062.0,pqc_tidy_timings.csv,663,time_us
V2X,Falcon,KeyGen,Falcon-1024,41926.0,pqc_tidy_timings.csv,664,time_us
V2X,Falcon,KeyGen,Falcon-512,15772.0,pqc_tidy_timings.csv,665,time_us
V2X,Falcon,KeyGen,Falcon-1024,30564.0,pqc_tidy_timings.csv,666,time_us
V2X,Falcon,KeyGen,Falcon-512,21951.0,pqc_tidy_timings.csv,667,time_us
V2X,Falcon,KeyGen,Falcon-1024,37040.0,pqc_tidy_timings.csv,668,time_us
V2X,Falcon,KeyGen,Falcon-512,22287.0,pqc_tidy_timings.csv,669,time_us
V2X,Falcon,KeyGen,Falcon-1024,48098.0,pqc_tidy_timings.csv,670,time_us
V2X,Falcon,KeyGen,Falcon-512,18054.0,pqc_tidy_timings.csv,671,time_us
V2X,Falcon,KeyGen,Falcon-1024,33461.0,pqc_tidy_timings.csv,672,time_us
V2X,Falcon,KeyGen,Falcon-512,20778.0,pqc_tidy_timings.csv,673,time_us
V2X,Falcon,KeyGen,Falcon-1024,42519.0,pqc_tidy_timings.csv,674,time_us
V2X,Falcon,KeyGen,Falcon-512,9835.0,pqc_tidy_timings.csv,675,time_us
V2X,Falcon,KeyGen,Falcon-1024,32522.0,pqc_tidy_timings.csv,676,time_us
V2X,Falcon,KeyGen,Falcon-512,11212.0,pqc_tidy_timings.csv,677,time_us
V2X,Falcon,KeyGen,Falcon-1024,39201.0,pqc_tidy_timings.csv,678,time_us
V2X,Falcon,KeyGen,Falcon-512,13330.0,pqc_tidy_timings.csv,679,time_us
V2X,Falcon,KeyGen,Falcon-1024,34137.0,pqc_tidy_timings.csv,680,time_us
V2X,Falcon,KeyGen,Falcon-512,12732.0,pqc_tidy_timings.csv,681,time_us
V2X,Falcon,KeyGen,Falcon-1024,29416.0,pqc_tidy_timings.csv,682,time_us
V2X,Falcon,KeyGen,Falcon-512,21342.0,pqc_tidy_timings.csv,683,time_us
V2X,Falcon,KeyGen,Falcon-1024,92894.0,pqc_tidy_timings.csv,684,time_us
V2X,Falcon,KeyGen,Falcon-512,15715.0,pqc_tidy_timings.csv,685,time_us
V2X,Falcon,KeyGen,Falcon-1024,56572.0,pqc_tidy_timings.csv,686,time_us
V2X,Falcon,KeyGen,Falcon-512,17174.0,pqc_tidy_timings.csv,687,time_us
V2X,Falcon,KeyGen,Falcon-1024,74069.0,pqc_tidy_timings.csv,688,time_us
V2X,Falcon,KeyGen,Falcon-512,33247.0,pqc_tidy_timings.csv,689,time_us
V2X,Falcon,KeyGen,Falcon-1024,37817.0,pqc_tidy_timings.csv,690,time_us
V2X,Falcon,KeyGen,Falcon-512,11617.0,pqc_tidy_timings.csv,691,time_us
V2X,Falcon,KeyGen,Falcon-1024,41674.0,pqc_tidy_timings.csv,692,time_us
V2X,Falcon,KeyGen,Falcon-512,26646.0,pqc_tidy_timings.csv,693,time_us
V2X,Falcon,KeyGen,Falcon-1024,52615.0,pqc_tidy_timings.csv,694,time_us
V2X,Falcon,KeyGen,Falcon-512,11456.0,pqc_tidy_timings.csv,695,time_us
V2X,Falcon,KeyGen,Falcon-1024,82821.0,pqc_tidy_timings.csv,696,time_us
V2X,Falcon,KeyGen,Falcon-512,16058.0,pqc_tidy_timings.csv,697,time_us
V2X,Falcon,KeyGen,Falcon-1024,67539.0,pqc_tidy_timings.csv,698,time_us
V2X,Falcon,KeyGen,Falcon-512,29147.0,pqc_tidy_timings.csv,699,time_us
V2X,Falcon,KeyGen,Falcon-1024,176635.0,pqc_tidy_timings.csv,700,time_us
V2X,Falcon,KeyGen,Falcon-512,10757.0,pqc_tidy_timings.csv,701,time_us
V2X,Falcon,KeyGen,Falcon-1024,81290.0,pqc_tidy_timings.csv,702,time_us
V2X,Falcon,KeyGen,Falcon-512,12267.0,pqc_tidy_timings.csv,703,time_us
V2X,Falcon,KeyGen,Falcon-1024,97178.0,pqc_tidy_timings.csv,704,time_us
V2X,Falcon,KeyGen,Falcon-512,14894.0,pqc_tidy_timings.csv,705,time_us
V2X,Falcon,KeyGen,Falcon-1024,93776.0,pqc_tidy_timings.csv,706,time_us
V2X,Falcon,KeyGen,Falcon-512,14520.0,pqc_tidy_timings.csv,707,time_us
V2X,Falcon,KeyGen,Falcon-1024,115260.0,pqc_tidy_timings.csv,708,time_us
V2X,Falcon,KeyGen,Falcon-512,15634.0,pqc_tidy_timings.csv,709,time_us
V2X,Falcon,KeyGen,Falcon-1024,113596.0,pqc_tidy_timings.csv,710,time_us
V2X,Falcon,KeyGen,Falcon-512,24249.0,pqc_tidy_timings.csv,711,time_us
V2X,Falcon,KeyGen,Falcon-1024,108220.0,pqc_tidy_timings.csv,712,time_us
V2X,Falcon,KeyGen,Falcon-512,12365.0,pqc_tidy_timings.csv,713,time_us
V2X,Falcon,KeyGen,Falcon-1024,78352.0,pqc_tidy_timings.csv,714,time_us
V2X,Falcon,KeyGen,Falcon-512,24927.0,pqc_tidy_timings.csv,715,time_us
V2X,Falcon,KeyGen,Falcon-1024,108746.0,pqc_tidy_timings.csv,716,time_us
V2X,Falcon,KeyGen,Falcon-512,10333.0,pqc_tidy_timings.csv,717,time_us
V2X,Falcon,KeyGen,Falcon-1024,241368.0,pqc_tidy_timings.csv,718,time_us
V2X,Falcon,KeyGen,Falcon-512,15401.0,pqc_tidy_timings.csv,719,time_us
V2X,Falcon,KeyGen,Falcon-1024,93210.0,pqc_tidy_timings.csv,720,time_us
V2X,Falcon,KeyGen,Falcon-512,14760.0,pqc_tidy_timings.csv,721,time_us
V2X,Falcon,KeyGen,Falcon-1024,76610.0,pqc_tidy_timings.csv,722,time_us
V2X,Falcon,KeyGen,Falcon-512,12490.0,pqc_tidy_timings.csv,723,time_us
V2X,Falcon,KeyGen,Falcon-1024,163010.0,pqc_tidy_timings.csv,724,time_us
V2X,Falcon,KeyGen,Falcon-512,11063.0,pqc_tidy_timings.csv,725,time_us
V2X,Falcon,KeyGen,Falcon-1024,88226.0,pqc_tidy_timings.csv,726,time_us
V2X,Falcon,KeyGen,Falcon-512,19935.0,pqc_tidy_timings.csv,727,time_us
V2X,Falcon,KeyGen,Falcon-1024,163348.0,pqc_tidy_timings.csv,728,time_us
V2X,Falcon,KeyGen,Falcon-512,13073.0,pqc_tidy_timings.csv,729,time_us
V2X,Falcon,KeyGen,Falcon-1024,109069.0,pqc_tidy_timings.csv,730,time_us
V2X,Falcon,KeyGen,Falcon-512,10788.0,pqc_tidy_timings.csv,731,time_us
V2X,Falcon,KeyGen,Falcon-1024,97333.0,pqc_tidy_timings.csv,732,time_us
V2X,Falcon,KeyGen,Falcon-512,24896.0,pqc_tidy_timings.csv,733,time_us
V2X,Falcon,KeyGen,Falcon-1024,84691.0,pqc_tidy_timings.csv,734,time_us
V2X,Falcon,KeyGen,Falcon-512,13966.0,pqc_tidy_timings.csv,735,time_us
V2X,Falcon,KeyGen,Falcon-1024,67097.0,pqc_tidy_timings.csv,736,time_us
V2X,Falcon,KeyGen,Falcon-512,18040.0,pqc_tidy_timings.csv,737,time_us
V2X,Falcon,KeyGen,Falcon-1024,137736.0,pqc_tidy_timings.csv,738,time_us
V2X,Falcon,KeyGen,Falcon-512,19903.0,pqc_tidy_timings.csv,739,time_us
V2X,Falcon,KeyGen,Falcon-1024,53294.0,pqc_tidy_timings.csv,740,time_us
V2X,Falcon,KeyGen,Falcon-512,36118.0,pqc_tidy_timings.csv,741,time_us
V2X,Falcon,KeyGen,Falcon-1024,254853.0,pqc_tidy_timings.csv,742,time_us
V2X,Falcon,KeyGen,Falcon-512,11036.0,pqc_tidy_timings.csv,743,time_us
V2X,Falcon,KeyGen,Falcon-1024,227430.0,pqc_tidy_timings.csv,744,time_us
V2X,Falcon,KeyGen,Falcon-512,13224.0,pqc_tidy_timings.csv,745,time_us
V2X,Falcon,KeyGen,Falcon-1024,65147.0,pqc_tidy_timings.csv,746,time_us
V2X,Falcon,KeyGen,Falcon-512,17559.0,pqc_tidy_timings.csv,747,time_us
V2X,Falcon,KeyGen,Falcon-1024,60370.0,pqc_tidy_timings.csv,748,time_us
V2X,Falcon,KeyGen,Falcon-512,23007.0,pqc_tidy_timings.csv,749,time_us
V2X,Falcon,KeyGen,Falcon-1024,93209.0,pqc_tidy_timings.csv,750,time_us
V2X,Falcon,KeyGen,Falcon-512,16254.0,pqc_tidy_timings.csv,751,time_us
V2X,Falcon,KeyGen,Falcon-1024,221748.0,pqc_tidy_timings.csv,752,time_us
V2X,Falcon,KeyGen,Falcon-512,15507.0,pqc_tidy_timings.csv,753,time_us
V2X,Falcon,KeyGen,Falcon-1024,67576.0,pqc_tidy_timings.csv,754,time_us
V2X,Falcon,KeyGen,Falcon-512,14160.0,pqc_tidy_timings.csv,755,time_us
V2X,Falcon,KeyGen,Falcon-1024,93704.0,pqc_tidy_timings.csv,756,time_us
V2X,Falcon,KeyGen,Falcon-512,22727.0,pqc_tidy_timings.csv,757,time_us
V2X,Falcon,KeyGen,Falcon-1024,34762.0,pqc_tidy_timings.csv,758,time_us
V2X,Falcon,KeyGen,Falcon-512,13508.0,pqc_tidy_timings.csv,759,time_us
V2X,Falcon,KeyGen,Falcon-1024,36185.0,pqc_tidy_timings.csv,760,time_us
V2X,Falcon,KeyGen,Falcon-512,14313.0,pqc_tidy_timings.csv,761,time_us
V2X,Falcon,KeyGen,Falcon-1024,58014.0,pqc_tidy_timings.csv,762,time_us
V2X,Falcon,KeyGen,Falcon-512,21522.0,pqc_tidy_timings.csv,763,time_us
V2X,Falcon,KeyGen,Falcon-1024,56221.0,pqc_tidy_timings.csv,764,time_us
V2X,Falcon,Signing,Falcon-512,4256.0,pqc_tidy_timings.csv,765,time_us
V2X,Falcon,Signing,Falcon-1024,15210.0,pqc_tidy_timings.csv,766,time_us
V2X,Falcon,Signing,Falcon-512,4106.0,pqc_tidy_timings.csv,767,time_us
V2X,Falcon,Signing,Falcon-1024,9323.0,pqc_tidy_timings.csv,768,time_us
V2X,Falcon,Signing,Falcon-512,5284.0,pqc_tidy_timings.csv,769,time_us
V2X,Falcon,Signing,Falcon-1024,10991.0,pqc_tidy_timings.csv,770,time_us
V2X,Falcon,Signing,Falcon-512,4749.0,pqc_tidy_timings.csv,771,time_us
V2X,Falcon,Signing,Falcon-1024,9165.0,pqc_tidy_timings.csv,772,time_us
V2X,Falcon,Signing,Falcon-512,5817.0,pqc_tidy_timings.csv,773,time_us
V2X,Falcon,Signing,Falcon-1024,9653.0,pqc_tidy_timings.csv,774,time_us
V2X,Falcon,Signing,Falcon-512,5408.0,pqc_tidy_timings.csv,775,time_us
V2X,Falcon,Signing,Falcon-1024,10757.0,pqc_tidy_timings.csv,776,time_us
V2X,Falcon,Verification,Falcon-512,72.0,pqc_tidy_timings.csv,777,time_us
V2X,Falcon,Verification,Falcon-1024,121.0,pqc_tidy_timings.csv,778,time_us
V2X,Falcon,Verification,Falcon-512,53.0,pqc_tidy_timings.csv,779,time_us
V2X,Falcon,Verification,Falcon-1024,102.0,pqc_tidy_timings.csv,780,time_us
V2X,Falcon,Verification,Falcon-512,53.0,pqc_tidy_timings.csv,781,time_us
V2X,Falcon,Verification,Falcon-1024,102.0,pqc_tidy_timings.csv,782,time_us
V2X,Falcon,Verification,Falcon-512,54.0,pqc_tidy_timings.csv,783,time_us
V2X,Falcon,Verification,Falcon-1024,149.0,pqc_tidy_timings.csv,784,time_us
V2X,Falcon,Verification,Falcon-512,53.0,pqc_tidy_timings.csv,785,time_us
V2X,Falcon,Verification,Falcon-1024,107.0,pqc_tidy_timings.csv,786,time_us
V2X,Falcon,Verification,Falcon-512,53.0,pqc_tidy_timings.csv,787,time_us
V2X,Falcon,Verification,Falcon-1024,102.0,pqc_tidy_timings.csv,788,time_us
V2X,Falcon,Verification,Falcon-512,53.0,pqc_tidy_timings.csv,789,time_us
V2X,Falcon,Verification,Falcon-1024,103.0,pqc_tidy_timings.csv,790,time_us
V2X,Falcon,Verification,Falcon-512,53.0,pqc_tidy_timings.csv,791,time_us
V2X,Falcon,Verification,Falcon-1024,101.0,pqc_tidy_timings.csv,792,time_us
V2X,Falcon,Verification,Falcon-512,53.0,pqc_tidy_timings.csv,793,time_us
V2X,Falcon,Verification,Falcon-1024,103.0,pqc_tidy_timings.csv,794,time_us
V2X,Falcon,Verification,Falcon-512,78.0,pqc_tidy_timings.csv,795,time_us
V2X,Falcon,Verification,Falcon-1024,112.0,pqc_tidy_timings.csv,796,time_us
V2X,Falcon,Verification,Falcon-512,53.0,pqc_tidy_timings.csv,797,time_us
V2X,Falcon,Verification,Falcon-1024,102.0,pqc_tidy_timings.csv,798,time_us
V2X,Falcon,Verification,Falcon-512,58.0,pqc_tidy_timings.csv,799,time_us
V2X,Falcon,Verification,Falcon-1024,121.0,pqc_tidy_timings.csv,800,time_us
V2X,Falcon,Verification,Falcon-512,55.0,pqc_tidy_timings.csv,801,time_us
V2X,Falcon,Verification,Falcon-1024,101.0,pqc_tidy_timings.csv,802,time_us
V2X,Falcon,Verification,Falcon-512,53.0,pqc_tidy_timings.csv,803,time_us
V2X,Falcon,Verification,Falcon-1024,102.0,pqc_tidy_timings.csv,804,time_us
V2X,Falcon,Verification,Falcon-512,57.0,pqc_tidy_timings.csv,805,time_us
V2X,Falcon,Verification,Falcon-1024,102.0,pqc_tidy_timings.csv,806,time_us
V2X,Falcon,Verification,Falcon-512,54.0,pqc_tidy_timings.csv,807,time_us
V2X,Falcon,Verification,Falcon-1024,108.0,pqc_tidy_timings.csv,808,time_us
V2X,Falcon,Verification,Falcon-512,53.0,pqc_tidy_timings.csv,809,time_us
V2X,Falcon,Verification,Falcon-1024,107.0,pqc_tidy_timings.csv,810,time_us
V2X,Falcon,Verification,Falcon-512,53.0,pqc_tidy_timings.csv,811,time_us
V2X,Falcon,Verification,Falcon-1024,102.0,pqc_tidy_timings.csv,812,time_us
V2X,Falcon,Verification,Falcon-512,55.0,pqc_tidy_timings.csv,813,time_us
V2X,Falcon,Verification,Falcon-1024,101.0,pqc_tidy_timings.csv,814,time_us
V2X,Falcon,Verification,Falcon-512,622.0,pqc_tidy_timings.csv,815,time_us
V2X,Falcon,Verification,Falcon-1024,101.0,pqc_tidy_timings.csv,816,time_us
V2X,Falcon,Verification,Falcon-512,54.0,pqc_tidy_timings.csv,817,time_us
V2X,Falcon,Verification,Falcon-1024,102.0,pqc_tidy_timings.csv,818,time_us
V2X,Falcon,Verification,Falcon-512,55.0,pqc_tidy_timings.csv,819,time_us
V2X,Falcon,Verification,Falcon-1024,104.0,pqc_tidy_timings.csv,820,time_us
V2X,Falcon,Verification,Falcon-512,53.0,pqc_tidy_timings.csv,821,time_us
V2X,Falcon,Verification,Falcon-1024,102.0,pqc_tidy_timings.csv,822,time_us
V2X,Falcon,Verification,Falcon-512,53.0,pqc_tidy_timings.csv,823,time_us
V2X,Falcon,Verification,Falcon-1024,102.0,pqc_tidy_timings.csv,824,time_us
V2X,Falcon,Verification,Falcon-512,53.0,pqc_tidy_timings.csv,825,time_us
V2X,Falcon,Verification,Falcon-1024,166.0,pqc_tidy_timings.csv,826,time_us
V2X,Falcon,Verification,Falcon-512,57.0,pqc_tidy_timings.csv,827,time_us
V2X,Falcon,Verification,Falcon-1024,104.0,pqc_tidy_timings.csv,828,time_us
V2X,Falcon,Verification,Falcon-512,163.0,pqc_tidy_timings.csv,829,time_us
V2X,Falcon,Verification,Falcon-1024,142.0,pqc_tidy_timings.csv,830,time_us
V2X,Falcon,Verification,Falcon-512,54.0,pqc_tidy_timings.csv,831,time_us
V2X,Falcon,Verification,Falcon-1024,102.0,pqc_tidy_timings.csv,832,time_us
V2X,Falcon,Verification,Falcon-512,54.0,pqc_tidy_timings.csv,833,time_us
V2X,Falcon,Verification,Falcon-1024,138.0,pqc_tidy_timings.csv,834,time_us
V2X,Falcon,Verification,Falcon-512,82.0,pqc_tidy_timings.csv,835,time_us
V2X,Falcon,Verification,Falcon-1024,102.0,pqc_tidy_timings.csv,836,time_us
V2X,Falcon,Verification,Falcon-512,53.0,pqc_tidy_timings.csv,837,time_us
V2X,Falcon,Verification,Falcon-1024,106.0,pqc_tidy_timings.csv,838,time_us
V2X,Falcon,Verification,Falcon-512,59.0,pqc_tidy_timings.csv,839,time_us
V2X,Falcon,Verification,Falcon-1024,102.0,pqc_tidy_timings.csv,840,time_us
V2X,Falcon,Verification,Falcon-512,53.0,pqc_tidy_timings.csv,841,time_us
V2X,Falcon,Verification,Falcon-1024,102.0,pqc_tidy_timings.csv,842,time_us
V2X,Falcon,Verification,Falcon-512,53.0,pqc_tidy_timings.csv,843,time_us
V2X,Falcon,Verification,Falcon-1024,128.0,pqc_tidy_timings.csv,844,time_us
V2X,Falcon,Verification,Falcon-512,56.0,pqc_tidy_timings.csv,845,time_us
V2X,Falcon,Verification,Falcon-1024,101.0,pqc_tidy_timings.csv,846,time_us
V2X,Falcon,Verification,Falcon-512,54.0,pqc_tidy_timings.csv,847,time_us
V2X,Falcon,Verification,Falcon-1024,119.0,pqc_tidy_timings.csv,848,time_us
V2X,Falcon,Verification,Falcon-512,129.0,pqc_tidy_timings.csv,849,time_us
V2X,Falcon,Verification,Falcon-1024,102.0,pqc_tidy_timings.csv,850,time_us
V2X,Falcon,Verification,Falcon-512,53.0,pqc_tidy_timings.csv,851,time_us
V2X,Falcon,Verification,Falcon-1024,101.0,pqc_tidy_timings.csv,852,time_us
V2X,Falcon,Verification,Falcon-512,53.0,pqc_tidy_timings.csv,853,time_us
V2X,Falcon,Verification,Falcon-1024,140.0,pqc_tidy_timings.csv,854,time_us
V2X,Falcon,Verification,Falcon-512,55.0,pqc_tidy_timings.csv,855,time_us
V2X,Falcon,Verification,Falcon-1024,102.0,pqc_tidy_timings.csv,856,time_us
V2X,Falcon,Verification,Falcon-512,55.0,pqc_tidy_timings.csv,857,time_us
V2X,Falcon,Verification,Falcon-1024,157.0,pqc_tidy_timings.csv,858,time_us
V2X,Falcon,Verification,Falcon-512,54.0,pqc_tidy_timings.csv,859,time_us
V2X,Falcon,Verification,Falcon-1024,101.0,pqc_tidy_timings.csv,860,time_us
V2X,Falcon,Verification,Falcon-512,53.0,pqc_tidy_timings.csv,861,time_us
V2X,Falcon,Verification,Falcon-1024,113.0,pqc_tidy_timings.csv,862,time_us
V2X,Falcon,Verification,Falcon-512,53.0,pqc_tidy_timings.csv,863,time_us
V2X,Falcon,Verification,Falcon-1024,102.0,pqc_tidy_timings.csv,864,time_us
V2X,Falcon,Verification,Falcon-512,53.0,pqc_tidy_timings.csv,865,time_us
V2X,Falcon,Verification,Falcon-1024,105.0,pqc_tidy_timings.csv,866,time_us
V2X,Falcon,Verification,Falcon-512,54.0,pqc_tidy_timings.csv,867,time_us
V2X,Falcon,Verification,Falcon-1024,102.0,pqc_tidy_timings.csv,868,time_us
V2X,Falcon,Verification,Falcon-512,54.0,pqc_tidy_timings.csv,869,time_us
V2X,Falcon,Verification,Falcon-1024,102.0,pqc_tidy_timings.csv,870,time_us
V2X,Falcon,Verification,Falcon-512,53.0,pqc_tidy_timings.csv,871,time_us
V2X,Falcon,Verification,Falcon-1024,146.0,pqc_tidy_timings.csv,872,time_us
V2X,Falcon,Verification,Falcon-512,54.0,pqc_tidy_timings.csv,873,time_us
V2X,Falcon,Verification,Falcon-1024,102.0,pqc_tidy_timings.csv,874,time_us
V2X,Falcon,Verification,Falcon-512,53.0,pqc_tidy_timings.csv,875,time_us
V2X,Falcon,Verification,Falcon-1024,104.0,pqc_tidy_timings.csv,876,time_us
V2X,Falcon,Verification,Falcon-512,53.0,pqc_tidy_timings.csv,877,time_us
V2X,Falcon,Verification,Falcon-1024,101.0,pqc_tidy_timings.csv,878,time_us
V2X,Falcon,Verification,Falcon-512,57.0,pqc_tidy_timings.csv,879,time_us
V2X,Falcon,Verification,Falcon-1024,104.0,pqc_tidy_timings.csv,880,time_us
V2X,Falcon,Verification,Falcon-512,53.0,pqc_tidy_timings.csv,881,time_us
V2X,Falcon,Verification,Falcon-1024,104.0,pqc_tidy_timings.csv,882,time_us
V2X,Kyber,Decapsulation,Kyber-512,66.0,pqc_tidy_timings.csv,883,time_us
V2X,Kyber,Decapsulation,Kyber-768,161.0,pqc_tidy_timings.csv,884,time_us
V2X,Kyber,Decapsulation,Kyber-1024,174.0,pqc_tidy_timings.csv,885,time_us
V2X,Kyber,Decapsulation,Kyber-512,65.0,pqc_tidy_timings.csv,886,time_us
V2X,Kyber,Decapsulation,Kyber-768,100.0,pqc_tidy_timings.csv,887,time_us
V2X,Kyber,Decapsulation,Kyber-1024,138.0,pqc_tidy_timings.csv,888,time_us
V2X,Kyber,Decapsulation,Kyber-512,66.0,pqc_tidy_timings.csv,889,time_us
V2X,Kyber,Decapsulation,Kyber-768,98.0,pqc_tidy_timings.csv,890,time_us
V2X,Kyber,Decapsulation,Kyber-1024,145.0,pqc_tidy_timings.csv,891,time_us
V2X,Kyber,Decapsulation,Kyber-512,84.0,pqc_tidy_timings.csv,892,time_us
V2X,Kyber,Decapsulation,Kyber-768,102.0,pqc_tidy_timings.csv,893,time_us
V2X,Kyber,Decapsulation,Kyber-1024,139.0,pqc_tidy_timings.csv,894,time_us
V2X,Kyber,Decapsulation,Kyber-512,65.0,pqc_tidy_timings.csv,895,time_us
V2X,Kyber,Decapsulation,Kyber-768,99.0,pqc_tidy_timings.csv,896,time_us
V2X,Kyber,Decapsulation,Kyber-1024,140.0,pqc_tidy_timings.csv,897,time_us
V2X,Kyber,Decapsulation,Kyber-512,68.0,pqc_tidy_timings.csv,898,time_us
V2X,Kyber,Decapsulation,Kyber-768,99.0,pqc_tidy_timings.csv,899,time_us
V2X,Kyber,Decapsulation,Kyber-1024,608.0,pqc_tidy_timings.csv,900,time_us
V2X,Kyber,Decapsulation,Kyber-512,65.0,pqc_tidy_timings.csv,901,time_us
V2X,Kyber,Decapsulation,Kyber-768,99.0,pqc_tidy_timings.csv,902,time_us
V2X,Kyber,Decapsulation,Kyber-1024,253.0,pqc_tidy_timings.csv,903,time_us
V2X,Kyber,Decapsulation,Kyber-512,65.0,pqc_tidy_timings.csv,904,time_us
V2X,Kyber,Decapsulation,Kyber-768,99.0,pqc_tidy_timings.csv,905,time_us
V2X,Kyber,Decapsulation,Kyber-1024,212.0,pqc_tidy_timings.csv,906,time_us
V2X,Kyber,Decapsulation,Kyber-512,66.0,pqc_tidy_timings.csv,907,time_us
V2X,Kyber,Decapsulation,Kyber-768,99.0,pqc_tidy_timings.csv,908,time_us
V2X,Kyber,Decapsulation,Kyber-1024,135.0,pqc_tidy_timings.csv,909,time_us
V2X,Kyber,Decapsulation,Kyber-512,67.0,pqc_tidy_timings.csv,910,time_us
V2X,Kyber,Decapsulation,Kyber-768,98.0,pqc_tidy_timings.csv,911,time_us
V2X,Kyber,Decapsulation,Kyber-1024,138.0,pqc_tidy_timings.csv,912,time_us
V2X,Kyber,Decapsulation,Kyber-512,66.0,pqc_tidy_timings.csv,913,time_us
V2X,Kyber,Decapsulation,Kyber-768,98.0,pqc_tidy_timings.csv,914,time_us
V2X,Kyber,Decapsulation,Kyber-1024,136.0,pqc_tidy_timings.csv,915,time_us
V2X,Kyber,Decapsulation,Kyber-512,66.0,pqc_tidy_timings.csv,916,time_us
V2X,Kyber,Decapsulation,Kyber-768,98.0,pqc_tidy_timings.csv,917,time_us
V2X,Kyber,Decapsulation,Kyber-1024,170.0,pqc_tidy_timings.csv,918,time_us
V2X,Kyber,Decapsulation,Kyber-512,65.0,pqc_tidy_timings.csv,919,time_us
V2X,Kyber,Decapsulation,Kyber-768,99.0,pqc_tidy_timings.csv,920,time_us
V2X,Kyber,Decapsulation,Kyber-1024,136.0,pqc_tidy_timings.csv,921,time_us
V2X,Kyber,Decapsulation,Kyber-512,65.0,pqc_tidy_timings.csv,922,time_us
V2X,Kyber,Decapsulation,Kyber-768,100.0,pqc_tidy_timings.csv,923,time_us
V2X,Kyber,Decapsulation,Kyber-1024,136.0,pqc_tidy_timings.csv,924,time_us
V2X,Kyber,Decapsulation,Kyber-512,125.0,pqc_tidy_timings.csv,925,time_us
V2X,Kyber,Decapsulation,Kyber-768,99.0,pqc_tidy_timings.csv,926,time_us
V2X,Kyber,Decapsulation,Kyber-1024,137.0,pqc_tidy_timings.csv,927,time_us
V2X,Kyber,Decapsulation,Kyber-512,70.0,pqc_tidy_timings.csv,928,time_us
V2X,Kyber,Decapsulation,Kyber-768,98.0,pqc_tidy_timings.csv,929,time_us
V2X,Kyber,Decapsulation,Kyber-1024,137.0,pqc_tidy_timings.csv,930,time_us
V2X,Kyber,Decapsulation,Kyber-512,66.0,pqc_tidy_timings.csv,931,time_us
V2X,Kyber,Decapsulation,Kyber-768,102.0,pqc_tidy_timings.csv,932,time_us
V2X,Kyber,Decapsulation,Kyber-1024,137.0,pqc_tidy_timings.csv,933,time_us
V2X,Kyber,Decapsulation,Kyber-512,65.0,pqc_tidy_timings.csv,934,time_us
V2X,Kyber,Decapsulation,Kyber-768,110.0,pqc_tidy_timings.csv,935,time_us
V2X,Kyber,Decapsulation,Kyber-1024,136.0,pqc_tidy_timings.csv,936,time_us
V2X,Kyber,Decapsulation,Kyber-512,66.0,pqc_tidy_timings.csv,937,time_us
V2X,Kyber,Decapsulation,Kyber-768,109.0,pqc_tidy_timings.csv,938,time_us
V2X,Kyber,Decapsulation,Kyber-1024,135.0,pqc_tidy_timings.csv,939,time_us
V2X,Kyber,Decapsulation,Kyber-512,66.0,pqc_tidy_timings.csv,940,time_us
V2X,Kyber,Decapsulation,Kyber-768,98.0,pqc_tidy_timings.csv,941,time_us
V2X,Kyber,Decapsulation,Kyber-1024,136.0,pqc_tidy_timings.csv,942,time_us
V2X,Kyber,Decapsulation,Kyber-512,66.0,pqc_tidy_timings.csv,943,time_us
V2X,Kyber,Decapsulation,Kyber-768,98.0,pqc_tidy_timings.csv,944,time_us
V2X,Kyber,Decapsulation,Kyber-1024,139.0,pqc_tidy_timings.csv,945,time_us
V2X,Kyber,Decapsulation,Kyber-512,67.0,pqc_tidy_timings.csv,946,time_us
V2X,Kyber,Decapsulation,Kyber-768,126.0,pqc_tidy_timings.csv,947,time_us
V2X,Kyber,Decapsulation,Kyber-1024,138.0,pqc_tidy_timings.csv,948,time_us
V2X,Kyber,Decapsulation,Kyber-512,80.0,pqc_tidy_timings.csv,949,time_us
V2X,Kyber,Decapsulation,Kyber-768,98.0,pqc_tidy_timings.csv,950,time_us
V2X,Kyber,Decapsulation,Kyber-1024,148.0,pqc_tidy_timings.csv,951,time_us
V2X,Kyber,Decapsulation,Kyber-512,66.0,pqc_tidy_timings.csv,952,time_us
V2X,Kyber,Decapsulation,Kyber-768,99.0,pqc_tidy_timings.csv,953,time_us
V2X,Kyber,Decapsulation,Kyber-1024,141.0,pqc_tidy_timings.csv,954,time_us
V2X,Kyber,Decapsulation,Kyber-512,66.0,pqc_tidy_timings.csv,955,time_us
V2X,Kyber,Decapsulation,Kyber-768,100.0,pqc_tidy_timings.csv,956,time_us
V2X,Kyber,Decapsulation,Kyber-1024,253.0,pqc_tidy_timings.csv,957,time_us
V2X,Kyber,Decapsulation,Kyber-512,65.0,pqc_tidy_timings.csv,958,time_us
V2X,Kyber,Decapsulation,Kyber-768,98.0,pqc_tidy_timings.csv,959,time_us
V2X,Kyber,Decapsulation,Kyber-1024,136.0,pqc_tidy_timings.csv,960,time_us
V2X,Kyber,Decapsulation,Kyber-512,66.0,pqc_tidy_timings.csv,961,time_us
V2X,Kyber,Decapsulation,Kyber-768,100.0,pqc_tidy_timings.csv,962,time_us
V2X,Kyber,Decapsulation,Kyber-1024,137.0,pqc_tidy_timings.csv,963,time_us
V2X,Kyber,Decapsulation,Kyber-512,66.0,pqc_tidy_timings.csv,964,time_us
V2X,Kyber,Decapsulation,Kyber-768,99.0,pqc_tidy_timings.csv,965,time_us
V2X,Kyber,Decapsulation,Kyber-1024,136.0,pqc_tidy_timings.csv,966,time_us
V2X,Kyber,Decapsulation,Kyber-512,66.0,pqc_tidy_timings.csv,967,time_us
V2X,Kyber,Decapsulation,Kyber-768,98.0,pqc_tidy_timings.csv,968,time_us
V2X,Kyber,Decapsulation,Kyber-1024,137.0,pqc_tidy_timings.csv,969,time_us
V2X,Kyber,Decapsulation,Kyber-512,86.0,pqc_tidy_timings.csv,970,time_us
V2X,Kyber,Decapsulation,Kyber-768,99.0,pqc_tidy_timings.csv,971,time_us
V2X,Kyber,Decapsulation,Kyber-1024,162.0,pqc_tidy_timings.csv,972,time_us
V2X,Kyber,Decapsulation,Kyber-512,66.0,pqc_tidy_timings.csv,973,time_us
V2X,Kyber,Decapsulation,Kyber-768,98.0,pqc_tidy_timings.csv,974,time_us
V2X,Kyber,Decapsulation,Kyber-1024,136.0,pqc_tidy_timings.csv,975,time_us
V2X,Kyber,Decapsulation,Kyber-512,65.0,pqc_tidy_timings.csv,976,time_us
V2X,Kyber,Decapsulation,Kyber-768,98.0,pqc_tidy_timings.csv,977,time_us
V2X,Kyber,Decapsulation,Kyber-1024,135.0,pqc_tidy_timings.csv,978,time_us
V2X,Kyber,Decapsulation,Kyber-512,68.0,pqc_tidy_timings.csv,979,time_us
V2X,Kyber,Decapsulation,Kyber-768,124.0,pqc_tidy_timings.csv,980,time_us
V2X,Kyber,Decapsulation,Kyber-1024,158.0,pqc_tidy_timings.csv,981,time_us
V2X,Kyber,Decapsulation,Kyber-512,66.0,pqc_tidy_timings.csv,982,time_us
V2X,Kyber,Decapsulation,Kyber-768,99.0,pqc_tidy_timings.csv,983,time_us
V2X,Kyber,Decapsulation,Kyber-1024,135.0,pqc_tidy_timings.csv,984,time_us
V2X,Kyber,Decapsulation,Kyber-512,66.0,pqc_tidy_timings.csv,985,time_us
V2X,Kyber,Decapsulation,Kyber-768,104.0,pqc_tidy_timings.csv,986,time_us
V2X,Kyber,Decapsulation,Kyber-1024,149.0,pqc_tidy_timings.csv,987,time_us
V2X,Kyber,Decapsulation,Kyber-512,66.0,pqc_tidy_timings.csv,988,time_us
V2X,Kyber,Decapsulation,Kyber-768,98.0,pqc_tidy_timings.csv,989,time_us
V2X,Kyber,Decapsulation,Kyber-1024,135.0,pqc_tidy_timings.csv,990,time_us
V2X,Kyber,Decapsulation,Kyber-512,65.0,pqc_tidy_timings.csv,991,time_us
V2X,Kyber,Decapsulation,Kyber-768,153.0,pqc_tidy_timings.csv,992,time_us
V2X,Kyber,Decapsulation,Kyber-1024,162.0,pqc_tidy_timings.csv,993,time_us
V2X,Kyber,Decapsulation,Kyber-512,66.0,pqc_tidy_timings.csv,994,time_us
V2X,Kyber,Decapsulation,Kyber-768,99.0,pqc_tidy_timings.csv,995,time_us
V2X,Kyber,Decapsulation,Kyber-1024,136.0,pqc_tidy_timings.csv,996,time_us
V2X,Kyber,Decapsulation,Kyber-512,66.0,pqc_tidy_timings.csv,997,time_us
V2X,Kyber,Decapsulation,Kyber-768,99.0,pqc_tidy_timings.csv,998,time_us
V2X,Kyber,Decapsulation,Kyber-1024,137.0,pqc_tidy_timings.csv,999,time_us
V2X,Kyber,Decapsulation,Kyber-512,66.0,pqc_tidy_timings.csv,1000,time_us
V2X,Kyber,Decapsulation,Kyber-768,98.0,pqc_tidy_timings.csv,1001,time_us
V2X,Kyber,Decapsulation,Kyber-1024,135.0,pqc_tidy_timings.csv,1002,time_us
V2X,Kyber,Decapsulation,Kyber-512,66.0,pqc_tidy_timings.csv,1003,time_us
V2X,Kyber,Decapsulation,Kyber-768,114.0,pqc_tidy_timings.csv,1004,time_us
V2X,Kyber,Decapsulation,Kyber-1024,136.0,pqc_tidy_timings.csv,1005,time_us
V2X,Kyber,Decapsulation,Kyber-512,66.0,pqc_tidy_timings.csv,1006,time_us
V2X,Kyber,Decapsulation,Kyber-768,145.0,pqc_tidy_timings.csv,1007,time_us
V2X,Kyber,Decapsulation,Kyber-1024,135.0,pqc_tidy_timings.csv,1008,time_us
V2X,Kyber,Decapsulation,Kyber-512,68.0,pqc_tidy_timings.csv,1009,time_us
V2X,Kyber,Decapsulation,Kyber-768,102.0,pqc_tidy_timings.csv,1010,time_us
V2X,Kyber,Decapsulation,Kyber-1024,135.0,pqc_tidy_timings.csv,1011,time_us
V2X,Kyber,Decapsulation,Kyber-512,71.0,pqc_tidy_timings.csv,1012,time_us
V2X,Kyber,Decapsulation,Kyber-768,126.0,pqc_tidy_timings.csv,1013,time_us
V2X,Kyber,Decapsulation,Kyber-1024,144.0,pqc_tidy_timings.csv,1014,time_us
V2X,Kyber,Decapsulation,Kyber-512,84.0,pqc_tidy_timings.csv,1015,time_us
V2X,Kyber,Decapsulation,Kyber-768,115.0,pqc_tidy_timings.csv,1016,time_us
V2X,Kyber,Decapsulation,Kyber-1024,157.0,pqc_tidy_timings.csv,1017,time_us
V2X,Kyber,Decapsulation,Kyber-512,69.0,pqc_tidy_timings.csv,1018,time_us
V2X,Kyber,Decapsulation,Kyber-768,108.0,pqc_tidy_timings.csv,1019,time_us
V2X,Kyber,Decapsulation,Kyber-1024,194.0,pqc_tidy_timings.csv,1020,time_us
V2X,Kyber,Decapsulation,Kyber-512,66.0,pqc_tidy_timings.csv,1021,time_us
V2X,Kyber,Decapsulation,Kyber-768,99.0,pqc_tidy_timings.csv,1022,time_us
V2X,Kyber,Decapsulation,Kyber-1024,326.0,pqc_tidy_timings.csv,1023,time_us
V2X,Kyber,Decapsulation,Kyber-512,72.0,pqc_tidy_timings.csv,1024,time_us
V2X,Kyber,Decapsulation,Kyber-768,102.0,pqc_tidy_timings.csv,1025,time_us
V2X,Kyber,Decapsulation,Kyber-1024,140.0,pqc_tidy_timings.csv,1026,time_us
V2X,Kyber,Decapsulation,Kyber-512,70.0,pqc_tidy_timings.csv,1027,time_us
V2X,Kyber,Decapsulation,Kyber-768,99.0,pqc_tidy_timings.csv,1028,time_us
V2X,Kyber,Decapsulation,Kyber-1024,138.0,pqc_tidy_timings.csv,1029,time_us
V2X,Kyber,Decapsulation,Kyber-512,77.0,pqc_tidy_timings.csv,1030,time_us
V2X,Kyber,Decapsulation,Kyber-768,102.0,pqc_tidy_timings.csv,1031,time_us
V2X,Kyber,Decapsulation,Kyber-1024,138.0,pqc_tidy_timings.csv,1032,time_us
V2X,Kyber,Decapsulation,Kyber-512,67.0,pqc_tidy_timings.csv,1033,time_us
V2X,Kyber,Decapsulation,Kyber-768,107.0,pqc_tidy_timings.csv,1034,time_us
V2X,Kyber,Decapsulation,Kyber-1024,219.0,pqc_tidy_timings.csv,1035,time_us
V2X,Kyber,Decapsulation,Kyber-512,66.0,pqc_tidy_timings.csv,1036,time_us
V2X,Kyber,Decapsulation,Kyber-768,103.0,pqc_tidy_timings.csv,1037,time_us
V2X,Kyber,Decapsulation,Kyber-1024,134.0,pqc_tidy_timings.csv,1038,time_us
V2X,Kyber,Decapsulation,Kyber-512,67.0,pqc_tidy_timings.csv,1039,time_us
V2X,Kyber,Decapsulation,Kyber-768,99.0,pqc_tidy_timings.csv,1040,time_us
V2X,Kyber,Decapsulation,Kyber-1024,143.0,pqc_tidy_timings.csv,1041,time_us
V2X,Kyber,Decapsulation,Kyber-512,66.0,pqc_tidy_timings.csv,1042,time_us
V2X,Kyber,Decapsulation,Kyber-768,111.0,pqc_tidy_timings.csv,1043,time_us
V2X,Kyber,Decapsulation,Kyber-1024,136.0,pqc_tidy_timings.csv,1044,time_us
V2X,Kyber,Decapsulation,Kyber-512,69.0,pqc_tidy_timings.csv,1045,time_us
V2X,Kyber,Decapsulation,Kyber-768,101.0,pqc_tidy_timings.csv,1046,time_us
V2X,Kyber,Decapsulation,Kyber-1024,134.0,pqc_tidy_timings.csv,1047,time_us
V2X,Kyber,Decapsulation,Kyber-512,70.0,pqc_tidy_timings.csv,1048,time_us
V2X,Kyber,Decapsulation,Kyber-768,98.0,pqc_tidy_timings.csv,1049,time_us
V2X,Kyber,Decapsulation,Kyber-1024,134.0,pqc_tidy_timings.csv,1050,time_us
V2X,Kyber,Decapsulation,Kyber-512,66.0,pqc_tidy_timings.csv,1051,time_us
V2X,Kyber,Decapsulation,Kyber-768,99.0,pqc_tidy_timings.csv,1052,time_us
V2X,Kyber,Decapsulation,Kyber-1024,134.0,pqc_tidy_timings.csv,1053,time_us
V2X,Kyber,Decapsulation,Kyber-512,66.0,pqc_tidy_timings.csv,1054,time_us
V2X,Kyber,Decapsulation,Kyber-768,100.0,pqc_tidy_timings.csv,1055,time_us
V2X,Kyber,Decapsulation,Kyber-1024,135.0,pqc_tidy_timings.csv,1056,time_us
V2X,Kyber,Decapsulation,Kyber-512,66.0,pqc_tidy_timings.csv,1057,time_us
V2X,Kyber,Decapsulation,Kyber-768,99.0,pqc_tidy_timings.csv,1058,time_us
V2X,Kyber,Decapsulation,Kyber-1024,137.0,pqc_tidy_timings.csv,1059,time_us
V2X,Kyber,Decapsulation,Kyber-512,67.0,pqc_tidy_timings.csv,1060,time_us
V2X,Kyber,Decapsulation,Kyber-768,99.0,pqc_tidy_timings.csv,1061,time_us
V2X,Kyber,Decapsulation,Kyber-1024,135.0,pqc_tidy_timings.csv,1062,time_us
V2X,Kyber,Decapsulation,Kyber-512,67.0,pqc_tidy_timings.csv,1063,time_us
V2X,Kyber,Decapsulation,Kyber-768,99.0,pqc_tidy_timings.csv,1064,time_us
V2X,Kyber,Decapsulation,Kyber-1024,133.0,pqc_tidy_timings.csv,1065,time_us
V2X,Kyber,Decapsulation,Kyber-512,68.0,pqc_tidy_timings.csv,1066,time_us
V2X,Kyber,Decapsulation,Kyber-768,99.0,pqc_tidy_timings.csv,1067,time_us
V2X,Kyber,Decapsulation,Kyber-1024,134.0,pqc_tidy_timings.csv,1068,time_us
V2X,Kyber,Decapsulation,Kyber-512,68.0,pqc_tidy_timings.csv,1069,time_us
V2X,Kyber,Decapsulation,Kyber-768,98.0,pqc_tidy_timings.csv,1070,time_us
V2X,Kyber,Decapsulation,Kyber-1024,137.0,pqc_tidy_timings.csv,1071,time_us
V2X,Kyber,Decapsulation,Kyber-512,67.0,pqc_tidy_timings.csv,1072,time_us
V2X,Kyber,Decapsulation,Kyber-768,104.0,pqc_tidy_timings.csv,1073,time_us
V2X,Kyber,Decapsulation,Kyber-1024,135.0,pqc_tidy_timings.csv,1074,time_us
V2X,Kyber,Decapsulation,Kyber-512,67.0,pqc_tidy_timings.csv,1075,time_us
V2X,Kyber,Decapsulation,Kyber-768,99.0,pqc_tidy_timings.csv,1076,time_us
V2X,Kyber,Decapsulation,Kyber-1024,136.0,pqc_tidy_timings.csv,1077,time_us
V2X,Kyber,Decapsulation,Kyber-512,67.0,pqc_tidy_timings.csv,1078,time_us
V2X,Kyber,Decapsulation,Kyber-768,138.0,pqc_tidy_timings.csv,1079,time_us
V2X,Kyber,Decapsulation,Kyber-1024,135.0,pqc_tidy_timings.csv,1080,time_us
V2X,Kyber,Decapsulation,Kyber-512,67.0,pqc_tidy_timings.csv,1081,time_us
V2X,Kyber,Decapsulation,Kyber-768,98.0,pqc_tidy_timings.csv,1082,time_us
V2X,Kyber,Decapsulation,Kyber-1024,134.0,pqc_tidy_timings.csv,1083,time_us
V2X,Kyber,Decapsulation,Kyber-512,68.0,pqc_tidy_timings.csv,1084,time_us
V2X,Kyber,Decapsulation,Kyber-768,136.0,pqc_tidy_timings.csv,1085,time_us
V2X,Kyber,Decapsulation,Kyber-1024,136.0,pqc_tidy_timings.csv,1086,time_us
V2X,Kyber,Decapsulation,Kyber-512,67.0,pqc_tidy_timings.csv,1087,time_us
V2X,Kyber,Decapsulation,Kyber-768,97.0,pqc_tidy_timings.csv,1088,time_us
V2X,Kyber,Decapsulation,Kyber-1024,135.0,pqc_tidy_timings.csv,1089,time_us
V2X,Kyber,Decapsulation,Kyber-512,68.0,pqc_tidy_timings.csv,1090,time_us
V2X,Kyber,Decapsulation,Kyber-768,99.0,pqc_tidy_timings.csv,1091,time_us
V2X,Kyber,Decapsulation,Kyber-1024,135.0,pqc_tidy_timings.csv,1092,time_us
V2X,Kyber,Decapsulation,Kyber-512,67.0,pqc_tidy_timings.csv,1093,time_us
V2X,Kyber,Decapsulation,Kyber-768,98.0,pqc_tidy_timings.csv,1094,time_us
V2X,Kyber,Decapsulation,Kyber-1024,135.0,pqc_tidy_timings.csv,1095,time_us
V2X,Kyber,Decapsulation,Kyber-512,67.0,pqc_tidy_timings.csv,1096,time_us
V2X,Kyber,Decapsulation,Kyber-768,99.0,pqc_tidy_timings.csv,1097,time_us
V2X,Kyber,Decapsulation,Kyber-1024,138.0,pqc_tidy_timings.csv,1098,time_us
V2X,Kyber,Decapsulation,Kyber-512,66.0,pqc_tidy_timings.csv,1099,time_us
V2X,Kyber,Decapsulation,Kyber-768,153.0,pqc_tidy_timings.csv,1100,time_us
V2X,Kyber,Decapsulation,Kyber-1024,135.0,pqc_tidy_timings.csv,1101,time_us
V2X,Kyber,Decapsulation,Kyber-512,66.0,pqc_tidy_timings.csv,1102,time_us
V2X,Kyber,Decapsulation,Kyber-768,98.0,pqc_tidy_timings.csv,1103,time_us
V2X,Kyber,Decapsulation,Kyber-1024,156.0,pqc_tidy_timings.csv,1104,time_us
V2X,Kyber,Decapsulation,Kyber-512,67.0,pqc_tidy_timings.csv,1105,time_us
V2X,Kyber,Decapsulation,Kyber-768,99.0,pqc_tidy_timings.csv,1106,time_us
V2X,Kyber,Decapsulation,Kyber-1024,134.0,pqc_tidy_timings.csv,1107,time_us
V2X,Kyber,Decapsulation,Kyber-512,68.0,pqc_tidy_timings.csv,1108,time_us
V2X,Kyber,Decapsulation,Kyber-768,128.0,pqc_tidy_timings.csv,1109,time_us
V2X,Kyber,Decapsulation,Kyber-1024,135.0,pqc_tidy_timings.csv,1110,time_us
V2X,Kyber,Decapsulation,Kyber-512,70.0,pqc_tidy_timings.csv,1111,time_us
V2X,Kyber,Decapsulation,Kyber-768,448.0,pqc_tidy_timings.csv,1112,time_us
V2X,Kyber,Decapsulation,Kyber-1024,135.0,pqc_tidy_timings.csv,1113,time_us
V2X,Kyber,Decapsulation,Kyber-512,67.0,pqc_tidy_timings.csv,1114,time_us
V2X,Kyber,Decapsulation,Kyber-768,98.0,pqc_tidy_timings.csv,1115,time_us
V2X,Kyber,Decapsulation,Kyber-1024,135.0,pqc_tidy_timings.csv,1116,time_us
V2X,Kyber,Decapsulation,Kyber-512,67.0,pqc_tidy_timings.csv,1117,time_us
V2X,Kyber,Decapsulation,Kyber-768,99.0,pqc_tidy_timings.csv,1118,time_us
V2X,Kyber,Decapsulation,Kyber-1024,135.0,pqc_tidy_timings.csv,1119,time_us
V2X,Kyber,Decapsulation,Kyber-512,68.0,pqc_tidy_timings.csv,1120,time_us
V2X,Kyber,Decapsulation,Kyber-768,99.0,pqc_tidy_timings.csv,1121,time_us
V2X,Kyber,Decapsulation,Kyber-1024,191.0,pqc_tidy_timings.csv,1122,time_us
V2X,Kyber,Decapsulation,Kyber-512,97.0,pqc_tidy_timings.csv,1123,time_us
V2X,Kyber,Decapsulation,Kyber-768,98.0,pqc_tidy_timings.csv,1124,time_us
V2X,Kyber,Decapsulation,Kyber-1024,134.0,pqc_tidy_timings.csv,1125,time_us
V2X,Kyber,Encapsulation,Kyber-512,52.0,pqc_tidy_timings.csv,1126,time_us
V2X,Kyber,Encapsulation,Kyber-768,81.0,pqc_tidy_timings.csv,1127,time_us
V2X,Kyber,Encapsulation,Kyber-1024,173.0,pqc_tidy_timings.csv,1128,time_us
V2X,Kyber,Encapsulation,Kyber-512,73.0,pqc_tidy_timings.csv,1129,time_us
V2X,Kyber,Encapsulation,Kyber-768,112.0,pqc_tidy_timings.csv,1130,time_us
V2X,Kyber,Encapsulation,Kyber-1024,116.0,pqc_tidy_timings.csv,1131,time_us
V2X,Kyber,Encapsulation,Kyber-512,88.0,pqc_tidy_timings.csv,1132,time_us
V2X,Kyber,Encapsulation,Kyber-768,81.0,pqc_tidy_timings.csv,1133,time_us
V2X,Kyber,Encapsulation,Kyber-1024,115.0,pqc_tidy_timings.csv,1134,time_us
V2X,Kyber,Encapsulation,Kyber-512,52.0,pqc_tidy_timings.csv,1135,time_us
V2X,Kyber,Encapsulation,Kyber-768,81.0,pqc_tidy_timings.csv,1136,time_us
V2X,Kyber,Encapsulation,Kyber-1024,115.0,pqc_tidy_timings.csv,1137,time_us
V2X,Kyber,Encapsulation,Kyber-512,84.0,pqc_tidy_timings.csv,1138,time_us
V2X,Kyber,Encapsulation,Kyber-768,82.0,pqc_tidy_timings.csv,1139,time_us
V2X,Kyber,Encapsulation,Kyber-1024,123.0,pqc_tidy_timings.csv,1140,time_us
V2X,Kyber,Encapsulation,Kyber-512,52.0,pqc_tidy_timings.csv,1141,time_us
V2X,Kyber,Encapsulation,Kyber-768,82.0,pqc_tidy_timings.csv,1142,time_us
V2X,Kyber,Encapsulation,Kyber-1024,119.0,pqc_tidy_timings.csv,1143,time_us
V2X,Kyber,Encapsulation,Kyber-512,56.0,pqc_tidy_timings.csv,1144,time_us
V2X,Kyber,Encapsulation,Kyber-768,81.0,pqc_tidy_timings.csv,1145,time_us
V2X,Kyber,Encapsulation,Kyber-1024,146.0,pqc_tidy_timings.csv,1146,time_us
V2X,Kyber,Encapsulation,Kyber-512,52.0,pqc_tidy_timings.csv,1147,time_us
V2X,Kyber,Encapsulation,Kyber-768,80.0,pqc_tidy_timings.csv,1148,time_us
V2X,Kyber,Encapsulation,Kyber-1024,119.0,pqc_tidy_timings.csv,1149,time_us
V2X,Kyber,Encapsulation,Kyber-512,95.0,pqc_tidy_timings.csv,1150,time_us
V2X,Kyber,Encapsulation,Kyber-768,81.0,pqc_tidy_timings.csv,1151,time_us
V2X,Kyber,Encapsulation,Kyber-1024,603.0,pqc_tidy_timings.csv,1152,time_us
V2X,Kyber,Encapsulation,Kyber-512,93.0,pqc_tidy_timings.csv,1153,time_us
V2X,Kyber,Encapsulation,Kyber-768,80.0,pqc_tidy_timings.csv,1154,time_us
V2X,Kyber,Encapsulation,Kyber-1024,119.0,pqc_tidy_timings.csv,1155,time_us
V2X,Kyber,Encapsulation,Kyber-512,54.0,pqc_tidy_timings.csv,1156,time_us
V2X,Kyber,Encapsulation,Kyber-768,80.0,pqc_tidy_timings.csv,1157,time_us
V2X,Kyber,Encapsulation,Kyber-1024,162.0,pqc_tidy_timings.csv,1158,time_us
V2X,Kyber,Encapsulation,Kyber-512,246.0,pqc_tidy_timings.csv,1159,time_us
V2X,Kyber,Encapsulation,Kyber-768,81.0,pqc_tidy_timings.csv,1160,time_us
V2X,Kyber,Encapsulation,Kyber-1024,117.0,pqc_tidy_timings.csv,1161,time_us
V2X,Kyber,Encapsulation,Kyber-512,103.0,pqc_tidy_timings.csv,1162,time_us
V2X,Kyber,Encapsulation,Kyber-768,82.0,pqc_tidy_timings.csv,1163,time_us
V2X,Kyber,Encapsulation,Kyber-1024,116.0,pqc_tidy_timings.csv,1164,time_us
V2X,Kyber,Encapsulation,Kyber-512,53.0,pqc_tidy_timings.csv,1165,time_us
V2X,Kyber,Encapsulation,Kyber-768,81.0,pqc_tidy_timings.csv,1166,time_us
V2X,Kyber,Encapsulation,Kyber-1024,245.0,pqc_tidy_timings.csv,1167,time_us
V2X,Kyber,Encapsulation,Kyber-512,55.0,pqc_tidy_timings.csv,1168,time_us
V2X,Kyber,Encapsulation,Kyber-768,88.0,pqc_tidy_timings.csv,1169,time_us
V2X,Kyber,Encapsulation,Kyber-1024,115.0,pqc_tidy_timings.csv,1170,time_us
V2X,Kyber,Encapsulation,Kyber-512,53.0,pqc_tidy_timings.csv,1171,time_us
V2X,Kyber,Encapsulation,Kyber-768,93.0,pqc_tidy_timings.csv,1172,time_us
V2X,Kyber,Encapsulation,Kyber-1024,140.0,pqc_tidy_timings.csv,1173,time_us
V2X,Kyber,Encapsulation,Kyber-512,52.0,pqc_tidy_timings.csv,1174,time_us
V2X,Kyber,Encapsulation,Kyber-768,110.0,pqc_tidy_timings.csv,1175,time_us
V2X,Kyber,Encapsulation,Kyber-1024,116.0,pqc_tidy_timings.csv,1176,time_us
V2X,Kyber,Encapsulation,Kyber-512,54.0,pqc_tidy_timings.csv,1177,time_us
V2X,Kyber,Encapsulation,Kyber-768,80.0,pqc_tidy_timings.csv,1178,time_us
V2X,Kyber,Encapsulation,Kyber-1024,115.0,pqc_tidy_timings.csv,1179,time_us
V2X,Kyber,Encapsulation,Kyber-512,53.0,pqc_tidy_timings.csv,1180,time_us
V2X,Kyber,Encapsulation,Kyber-768,83.0,pqc_tidy_timings.csv,1181,time_us
V2X,Kyber,Encapsulation,Kyber-1024,141.0,pqc_tidy_timings.csv,1182,time_us
V2X,Kyber,Encapsulation,Kyber-512,52.0,pqc_tidy_timings.csv,1183,time_us
V2X,Kyber,Encapsulation,Kyber-768,82.0,pqc_tidy_timings.csv,1184,time_us
V2X,Kyber,Encapsulation,Kyber-1024,122.0,pqc_tidy_timings.csv,1185,time_us
V2X,Kyber,Encapsulation,Kyber-512,53.0,pqc_tidy_timings.csv,1186,time_us
V2X,Kyber,Encapsulation,Kyber-768,101.0,pqc_tidy_timings.csv,1187,time_us
V2X,Kyber,Encapsulation,Kyber-1024,115.0,pqc_tidy_timings.csv,1188,time_us
V2X,Kyber,Encapsulation,Kyber-512,53.0,pqc_tidy_timings.csv,1189,time_us
V2X,Kyber,Encapsulation,Kyber-768,84.0,pqc_tidy_timings.csv,1190,time_us
V2X,Kyber,Encapsulation,Kyber-1024,133.0,pqc_tidy_timings.csv,1191,time_us
V2X,Kyber,Encapsulation,Kyber-512,52.0,pqc_tidy_timings.csv,1192,time_us
V2X,Kyber,Encapsulation,Kyber-768,81.0,pqc_tidy_timings.csv,1193,time_us
V2X,Kyber,Encapsulation,Kyber-1024,115.0,pqc_tidy_timings.csv,1194,time_us
V2X,Kyber,Encapsulation,Kyber-512,53.0,pqc_tidy_timings.csv,1195,time_us
V2X,Kyber,Encapsulation,Kyber-768,80.0,pqc_tidy_timings.csv,1196,time_us
V2X,Kyber,Encapsulation,Kyber-1024,115.0,pqc_tidy_timings.csv,1197,time_us
V2X,Kyber,Encapsulation,Kyber-512,52.0,pqc_tidy_timings.csv,1198,time_us
V2X,Kyber,Encapsulation,Kyber-768,82.0,pqc_tidy_timings.csv,1199,time_us
V2X,Kyber,Encapsulation,Kyber-1024,115.0,pqc_tidy_timings.csv,1200,time_us
V2X,Kyber,Encapsulation,Kyber-512,53.0,pqc_tidy_timings.csv,1201,time_us
V2X,Kyber,Encapsulation,Kyber-768,82.0,pqc_tidy_timings.csv,1202,time_us
V2X,Kyber,Encapsulation,Kyber-1024,117.0,pqc_tidy_timings.csv,1203,time_us
V2X,Kyber,Encapsulation,Kyber-512,103.0,pqc_tidy_timings.csv,1204,time_us
V2X,Kyber,Encapsulation,Kyber-768,82.0,pqc_tidy_timings.csv,1205,time_us
V2X,Kyber,Encapsulation,Kyber-1024,116.0,pqc_tidy_timings.csv,1206,time_us
V2X,Kyber,Encapsulation,Kyber-512,53.0,pqc_tidy_timings.csv,1207,time_us
V2X,Kyber,Encapsulation,Kyber-768,81.0,pqc_tidy_timings.csv,1208,time_us
V2X,Kyber,Encapsulation,Kyber-1024,117.0,pqc_tidy_timings.csv,1209,time_us
V2X,Kyber,Encapsulation,Kyber-512,67.0,pqc_tidy_timings.csv,1210,time_us
V2X,Kyber,Encapsulation,Kyber-768,81.0,pqc_tidy_timings.csv,1211,time_us
V2X,Kyber,Encapsulation,Kyber-1024,117.0,pqc_tidy_timings.csv,1212,time_us
V2X,Kyber,Encapsulation,Kyber-512,57.0,pqc_tidy_timings.csv,1213,time_us
V2X,Kyber,Encapsulation,Kyber-768,81.0,pqc_tidy_timings.csv,1214,time_us
V2X,Kyber,Encapsulation,Kyber-1024,117.0,pqc_tidy_timings.csv,1215,time_us
V2X,Kyber,Encapsulation,Kyber-512,52.0,pqc_tidy_timings.csv,1216,time_us
V2X,Kyber,Encapsulation,Kyber-768,80.0,pqc_tidy_timings.csv,1217,time_us
V2X,Kyber,Encapsulation,Kyber-1024,115.0,pqc_tidy_timings.csv,1218,time_us
V2X,Kyber,Encapsulation,Kyber-512,52.0,pqc_tidy_timings.csv,1219,time_us
V2X,Kyber,Encapsulation,Kyber-768,90.0,pqc_tidy_timings.csv,1220,time_us
V2X,Kyber,Encapsulation,Kyber-1024,191.0,pqc_tidy_timings.csv,1221,time_us
V2X,Kyber,Encapsulation,Kyber-512,56.0,pqc_tidy_timings.csv,1222,time_us
V2X,Kyber,Encapsulation,Kyber-768,100.0,pqc_tidy_timings.csv,1223,time_us
V2X,Kyber,Encapsulation,Kyber-1024,115.0,pqc_tidy_timings.csv,1224,time_us
V2X,Kyber,Encapsulation,Kyber-512,226.0,pqc_tidy_timings.csv,1225,time_us
V2X,Kyber,Encapsulation,Kyber-768,81.0,pqc_tidy_timings.csv,1226,time_us
V2X,Kyber,Encapsulation,Kyber-1024,114.0,pqc_tidy_timings.csv,1227,time_us
V2X,Kyber,Encapsulation,Kyber-512,53.0,pqc_tidy_timings.csv,1228,time_us
V2X,Kyber,Encapsulation,Kyber-768,96.0,pqc_tidy_timings.csv,1229,time_us
V2X,Kyber,Encapsulation,Kyber-1024,261.0,pqc_tidy_timings.csv,1230,time_us
V2X,Kyber,Encapsulation,Kyber-512,52.0,pqc_tidy_timings.csv,1231,time_us
V2X,Kyber,Encapsulation,Kyber-768,112.0,pqc_tidy_timings.csv,1232,time_us
V2X,Kyber,Encapsulation,Kyber-1024,114.0,pqc_tidy_timings.csv,1233,time_us
V2X,Kyber,Encapsulation,Kyber-512,53.0,pqc_tidy_timings.csv,1234,time_us
V2X,Kyber,Encapsulation,Kyber-768,179.0,pqc_tidy_timings.csv,1235,time_us
V2X,Kyber,Encapsulation,Kyber-1024,116.0,pqc_tidy_timings.csv,1236,time_us
V2X,Kyber,Encapsulation,Kyber-512,52.0,pqc_tidy_timings.csv,1237,time_us
V2X,Kyber,Encapsulation,Kyber-768,81.0,pqc_tidy_timings.csv,1238,time_us
V2X,Kyber,Encapsulation,Kyber-1024,115.0,pqc_tidy_timings.csv,1239,time_us
V2X,Kyber,Encapsulation,Kyber-512,54.0,pqc_tidy_timings.csv,1240,time_us
V2X,Kyber,Encapsulation,Kyber-768,81.0,pqc_tidy_timings.csv,1241,time_us
V2X,Kyber,Encapsulation,Kyber-1024,115.0,pqc_tidy_timings.csv,1242,time_us
V2X,Kyber,Encapsulation,Kyber-512,52.0,pqc_tidy_timings.csv,1243,time_us
V2X,Kyber,Encapsulation,Kyber-768,80.0,pqc_tidy_timings.csv,1244,time_us
V2X,Kyber,Encapsulation,Kyber-1024,119.0,pqc_tidy_timings.csv,1245,time_us
V2X,Kyber,Encapsulation,Kyber-512,72.0,pqc_tidy_timings.csv,1246,time_us
V2X,Kyber,Encapsulation,Kyber-768,80.0,pqc_tidy_timings.csv,1247,time_us
V2X,Kyber,Encapsulation,Kyber-1024,115.0,pqc_tidy_timings.csv,1248,time_us
V2X,Kyber,Encapsulation,Kyber-512,56.0,pqc_tidy_timings.csv,1249,time_us
V2X,Kyber,Encapsulation,Kyber-768,81.0,pqc_tidy_timings.csv,1250,time_us
V2X,Kyber,Encapsulation,Kyber-1024,113.0,pqc_tidy_timings.csv,1251,time_us
V2X,Kyber,Encapsulation,Kyber-512,92.0,pqc_tidy_timings.csv,1252,time_us
V2X,Kyber,Encapsulation,Kyber-768,81.0,pqc_tidy_timings.csv,1253,time_us
V2X,Kyber,Encapsulation,Kyber-1024,389.0,pqc_tidy_timings.csv,1254,time_us
V2X,Kyber,Encapsulation,Kyber-512,54.0,pqc_tidy_timings.csv,1255,time_us
V2X,Kyber,Encapsulation,Kyber-768,80.0,pqc_tidy_timings.csv,1256,time_us
V2X,Kyber,Encapsulation,Kyber-1024,114.0,pqc_tidy_timings.csv,1257,time_us
V2X,Kyber,Encapsulation,Kyber-512,54.0,pqc_tidy_timings.csv,1258,time_us
V2X,Kyber,Encapsulation,Kyber-768,81.0,pqc_tidy_timings.csv,1259,time_us
V2X,Kyber,Encapsulation,Kyber-1024,112.0,pqc_tidy_timings.csv,1260,time_us
V2X,Kyber,Encapsulation,Kyber-512,54.0,pqc_tidy_timings.csv,1261,time_us
V2X,Kyber,Encapsulation,Kyber-768,81.0,pqc_tidy_timings.csv,1262,time_us
V2X,Kyber,Encapsulation,Kyber-1024,114.0,pqc_tidy_timings.csv,1263,time_us
V2X,Kyber,Encapsulation,Kyber-512,54.0,pqc_tidy_timings.csv,1264,time_us
V2X,Kyber,Encapsulation,Kyber-768,82.0,pqc_tidy_timings.csv,1265,time_us
V2X,Kyber,Encapsulation,Kyber-1024,113.0,pqc_tidy_timings.csv,1266,time_us
V2X,Kyber,Encapsulation,Kyber-512,54.0,pqc_tidy_timings.csv,1267,time_us
V2X,Kyber,Encapsulation,Kyber-768,89.0,pqc_tidy_timings.csv,1268,time_us
V2X,Kyber,Encapsulation,Kyber-1024,115.0,pqc_tidy_timings.csv,1269,time_us
V2X,Kyber,Encapsulation,Kyber-512,73.0,pqc_tidy_timings.csv,1270,time_us
V2X,Kyber,Encapsulation,Kyber-768,83.0,pqc_tidy_timings.csv,1271,time_us
V2X,Kyber,Encapsulation,Kyber-1024,113.0,pqc_tidy_timings.csv,1272,time_us
V2X,Kyber,Encapsulation,Kyber-512,54.0,pqc_tidy_timings.csv,1273,time_us
V2X,Kyber,Encapsulation,Kyber-768,81.0,pqc_tidy_timings.csv,1274,time_us
V2X,Kyber,Encapsulation,Kyber-1024,113.0,pqc_tidy_timings.csv,1275,time_us
V2X,Kyber,Encapsulation,Kyber-512,53.0,pqc_tidy_timings.csv,1276,time_us
V2X,Kyber,Encapsulation,Kyber-768,82.0,pqc_tidy_timings.csv,1277,time_us
V2X,Kyber,Encapsulation,Kyber-1024,113.0,pqc_tidy_timings.csv,1278,time_us
V2X,Kyber,Encapsulation,Kyber-512,81.0,pqc_tidy_timings.csv,1279,time_us
V2X,Kyber,Encapsulation,Kyber-768,82.0,pqc_tidy_timings.csv,1280,time_us
V2X,Kyber,Encapsulation,Kyber-1024,135.0,pqc_tidy_timings.csv,1281,time_us
V2X,Kyber,Encapsulation,Kyber-512,53.0,pqc_tidy_timings.csv,1282,time_us
V2X,Kyber,Encapsulation,Kyber-768,83.0,pqc_tidy_timings.csv,1283,time_us
V2X,Kyber,Encapsulation,Kyber-1024,115.0,pqc_tidy_timings.csv,1284,time_us
V2X,Kyber,Encapsulation,Kyber-512,55.0,pqc_tidy_timings.csv,1285,time_us
V2X,Kyber,Encapsulation,Kyber-768,148.0,pqc_tidy_timings.csv,1286,time_us
V2X,Kyber,Encapsulation,Kyber-1024,113.0,pqc_tidy_timings.csv,1287,time_us
V2X,Kyber,Encapsulation,Kyber-512,54.0,pqc_tidy_timings.csv,1288,time_us
V2X,Kyber,Encapsulation,Kyber-768,83.0,pqc_tidy_timings.csv,1289,time_us
V2X,Kyber,Encapsulation,Kyber-1024,115.0,pqc_tidy_timings.csv,1290,time_us
V2X,Kyber,Encapsulation,Kyber-512,53.0,pqc_tidy_timings.csv,1291,time_us
V2X,Kyber,Encapsulation,Kyber-768,83.0,pqc_tidy_timings.csv,1292,time_us
V2X,Kyber,Encapsulation,Kyber-1024,195.0,pqc_tidy_timings.csv,1293,time_us
V2X,Kyber,Encapsulation,Kyber-512,61.0,pqc_tidy_timings.csv,1294,time_us
V2X,Kyber,Encapsulation,Kyber-768,81.0,pqc_tidy_timings.csv,1295,time_us
V2X,Kyber,Encapsulation,Kyber-1024,116.0,pqc_tidy_timings.csv,1296,time_us
V2X,Kyber,Encapsulation,Kyber-512,57.0,pqc_tidy_timings.csv,1297,time_us
V2X,Kyber,Encapsulation,Kyber-768,81.0,pqc_tidy_timings.csv,1298,time_us
V2X,Kyber,Encapsulation,Kyber-1024,122.0,pqc_tidy_timings.csv,1299,time_us
V2X,Kyber,Encapsulation,Kyber-512,55.0,pqc_tidy_timings.csv,1300,time_us
V2X,Kyber,Encapsulation,Kyber-768,83.0,pqc_tidy_timings.csv,1301,time_us
V2X,Kyber,Encapsulation,Kyber-1024,112.0,pqc_tidy_timings.csv,1302,time_us
V2X,Kyber,Encapsulation,Kyber-512,62.0,pqc_tidy_timings.csv,1303,time_us
V2X,Kyber,Encapsulation,Kyber-768,82.0,pqc_tidy_timings.csv,1304,time_us
V2X,Kyber,Encapsulation,Kyber-1024,118.0,pqc_tidy_timings.csv,1305,time_us
V2X,Kyber,Encapsulation,Kyber-512,91.0,pqc_tidy_timings.csv,1306,time_us
V2X,Kyber,Encapsulation,Kyber-768,124.0,pqc_tidy_timings.csv,1307,time_us
V2X,Kyber,Encapsulation,Kyber-1024,115.0,pqc_tidy_timings.csv,1308,time_us
V2X,Kyber,Encapsulation,Kyber-512,75.0,pqc_tidy_timings.csv,1309,time_us
V2X,Kyber,Encapsulation,Kyber-768,81.0,pqc_tidy_timings.csv,1310,time_us
V2X,Kyber,Encapsulation,Kyber-1024,114.0,pqc_tidy_timings.csv,1311,time_us
V2X,Kyber,Encapsulation,Kyber-512,54.0,pqc_tidy_timings.csv,1312,time_us
V2X,Kyber,Encapsulation,Kyber-768,81.0,pqc_tidy_timings.csv,1313,time_us
V2X,Kyber,Encapsulation,Kyber-1024,146.0,pqc_tidy_timings.csv,1314,time_us
V2X,Kyber,Encapsulation,Kyber-512,55.0,pqc_tidy_timings.csv,1315,time_us
V2X,Kyber,Encapsulation,Kyber-768,82.0,pqc_tidy_timings.csv,1316,time_us
V2X,Kyber,Encapsulation,Kyber-1024,113.0,pqc_tidy_timings.csv,1317,time_us
V2X,Kyber,Encapsulation,Kyber-512,55.0,pqc_tidy_timings.csv,1318,time_us
V2X,Kyber,Encapsulation,Kyber-768,96.0,pqc_tidy_timings.csv,1319,time_us
V2X,Kyber,Encapsulation,Kyber-1024,114.0,pqc_tidy_timings.csv,1320,time_us
V2X,Kyber,Encapsulation,Kyber-512,54.0,pqc_tidy_timings.csv,1321,time_us
V2X,Kyber,Encapsulation,Kyber-768,87.0,pqc_tidy_timings.csv,1322,time_us
V2X,Kyber,Encapsulation,Kyber-1024,134.0,pqc_tidy_timings.csv,1323,time_us
V2X,Kyber,Encapsulation,Kyber-512,55.0,pqc_tidy_timings.csv,1324,time_us
V2X,Kyber,Encapsulation,Kyber-768,81.0,pqc_tidy_timings.csv,1325,time_us
V2X,Kyber,Encapsulation,Kyber-1024,113.0,pqc_tidy_timings.csv,1326,time_us
V2X,Kyber,Encapsulation,Kyber-512,55.0,pqc_tidy_timings.csv,1327,time_us
V2X,Kyber,Encapsulation,Kyber-768,81.0,pqc_tidy_timings.csv,1328,time_us
V2X,Kyber,Encapsulation,Kyber-1024,112.0,pqc_tidy_timings.csv,1329,time_us
V2X,Kyber,Encapsulation,Kyber-512,53.0,pqc_tidy_timings.csv,1330,time_us
V2X,Kyber,Encapsulation,Kyber-768,100.0,pqc_tidy_timings.csv,1331,time_us
V2X,Kyber,Encapsulation,Kyber-1024,112.0,pqc_tidy_timings.csv,1332,time_us
V2X,Kyber,Encapsulation,Kyber-512,57.0,pqc_tidy_timings.csv,1333,time_us
V2X,Kyber,Encapsulation,Kyber-768,82.0,pqc_tidy_timings.csv,1334,time_us
V2X,Kyber,Encapsulation,Kyber-1024,130.0,pqc_tidy_timings.csv,1335,time_us
V2X,Kyber,Encapsulation,Kyber-512,65.0,pqc_tidy_timings.csv,1336,time_us
V2X,Kyber,Encapsulation,Kyber-768,81.0,pqc_tidy_timings.csv,1337,time_us
V2X,Kyber,Encapsulation,Kyber-1024,112.0,pqc_tidy_timings.csv,1338,time_us
V2X,Kyber,Encapsulation,Kyber-512,53.0,pqc_tidy_timings.csv,1339,time_us
V2X,Kyber,Encapsulation,Kyber-768,114.0,pqc_tidy_timings.csv,1340,time_us
V2X,Kyber,Encapsulation,Kyber-1024,113.0,pqc_tidy_timings.csv,1341,time_us
V2X,Kyber,Encapsulation,Kyber-512,53.0,pqc_tidy_timings.csv,1342,time_us
V2X,Kyber,Encapsulation,Kyber-768,82.0,pqc_tidy_timings.csv,1343,time_us
V2X,Kyber,Encapsulation,Kyber-1024,115.0,pqc_tidy_timings.csv,1344,time_us
V2X,Kyber,Encapsulation,Kyber-512,60.0,pqc_tidy_timings.csv,1345,time_us
V2X,Kyber,Encapsulation,Kyber-768,80.0,pqc_tidy_timings.csv,1346,time_us
V2X,Kyber,Encapsulation,Kyber-1024,113.0,pqc_tidy_timings.csv,1347,time_us
V2X,Kyber,Encapsulation,Kyber-512,54.0,pqc_tidy_timings.csv,1348,time_us
V2X,Kyber,Encapsulation,Kyber-768,88.0,pqc_tidy_timings.csv,1349,time_us
V2X,Kyber,Encapsulation,Kyber-1024,132.0,pqc_tidy_timings.csv,1350,time_us
V2X,Kyber,Encapsulation,Kyber-512,53.0,pqc_tidy_timings.csv,1351,time_us
V2X,Kyber,Encapsulation,Kyber-768,98.0,pqc_tidy_timings.csv,1352,time_us
V2X,Kyber,Encapsulation,Kyber-1024,113.0,pqc_tidy_timings.csv,1353,time_us
V2X,Kyber,Encapsulation,Kyber-512,55.0,pqc_tidy_timings.csv,1354,time_us
V2X,Kyber,Encapsulation,Kyber-768,104.0,pqc_tidy_timings.csv,1355,time_us
V2X,Kyber,Encapsulation,Kyber-1024,113.0,pqc_tidy_timings.csv,1356,time_us
V2X,Kyber,Encapsulation,Kyber-512,53.0,pqc_tidy_timings.csv,1357,time_us
V2X,Kyber,Encapsulation,Kyber-768,81.0,pqc_tidy_timings.csv,1358,time_us
V2X,Kyber,Encapsulation,Kyber-1024,112.0,pqc_tidy_timings.csv,1359,time_us
V2X,Kyber,Encapsulation,Kyber-512,54.0,pqc_tidy_timings.csv,1360,time_us
V2X,Kyber,Encapsulation,Kyber-768,84.0,pqc_tidy_timings.csv,1361,time_us
V2X,Kyber,Encapsulation,Kyber-1024,117.0,pqc_tidy_timings.csv,1362,time_us
V2X,Kyber,Encapsulation,Kyber-512,54.0,pqc_tidy_timings.csv,1363,time_us
V2X,Kyber,Encapsulation,Kyber-768,80.0,pqc_tidy_timings.csv,1364,time_us
V2X,Kyber,Encapsulation,Kyber-1024,115.0,pqc_tidy_timings.csv,1365,time_us
V2X,Kyber,Encapsulation,Kyber-512,53.0,pqc_tidy_timings.csv,1366,time_us
V2X,Kyber,Encapsulation,Kyber-768,81.0,pqc_tidy_timings.csv,1367,time_us
V2X,Kyber,Encapsulation,Kyber-1024,136.0,pqc_tidy_timings.csv,1368,time_us
V2X,Kyber,KeyGen,Kyber-512,61.0,pqc_tidy_timings.csv,1369,time_us
V2X,Kyber,KeyGen,Kyber-768,70.0,pqc_tidy_timings.csv,1370,time_us
V2X,Kyber,KeyGen,Kyber-1024,107.0,pqc_tidy_timings.csv,1371,time_us
V2X,Kyber,KeyGen,Kyber-512,45.0,pqc_tidy_timings.csv,1372,time_us
V2X,Kyber,KeyGen,Kyber-768,69.0,pqc_tidy_timings.csv,1373,time_us
V2X,Kyber,KeyGen,Kyber-1024,115.0,pqc_tidy_timings.csv,1374,time_us
V2X,Kyber,KeyGen,Kyber-512,43.0,pqc_tidy_timings.csv,1375,time_us
V2X,Kyber,KeyGen,Kyber-768,77.0,pqc_tidy_timings.csv,1376,time_us
V2X,Kyber,KeyGen,Kyber-1024,112.0,pqc_tidy_timings.csv,1377,time_us
